Gamma_Values,R_Squared_Values,Coef,intercepts
0.01,0.9939467725834549,[0.001098],1.0593036246741676
0.02,0.9940010757620097,[0.00232919],1.122123127421219
0.03,0.9940551185031641,[0.0037057],1.1886668854066427
0.04,0.9941089006812932,[0.00524061],1.259155621677869
0.05,0.9941624221713787,[0.00694809],1.3338231363726485
0.06,0.9942156828490047,[0.00884343],1.412917081218468
0.07,0.9942686825903655,[0.01094312],1.4966997798850281
0.08,0.9943214212722602,[0.013265],1.5854490969033683
0.09,0.9943738987720949,[0.01582829],1.6794593580257318
0.1,0.9944261149678842,[0.01865374],1.7790423250703025
0.11,0.9944780697382513,[0.02176373],1.8845282284749822
0.12,0.9945297629624297,[0.02518237],1.9962668609751144
0.13,0.9945811945202627,[0.02893568],2.114628736022033
0.14,0.9946323642922043,[0.03305168],2.2400063147732387
0.15,0.9946832721593205,[0.03756056],2.372815305711616
0.16,0.9947339180032906,[0.04249485],2.5134960411910274
0.17,0.9947843017064052,[0.04788956],2.6625149354598157
0.18,0.9948344231515704,[0.05378242],2.8203660289829258
0.19,0.9948842822223057,[0.060214],2.9875726241684357
0.2,0.9949338788027464,[0.06722798],3.1646890179062517
0.21,0.9949832127776436,[0.07487136],3.3523023366465026
0.22,0.9950322840323649,[0.0831947],3.551034480083909
0.23,0.9950810924528948,[0.09225238],3.7615441798730602
0.24,0.9951296379258366,[0.10210286],3.9845291801795044
0.25,0.9951779203384112,[0.112809],4.22072854727393
0.26,0.9952259395784595,[0.12443838],4.4709251158028405
0.27,0.995273695534442,[0.13706363],4.735948079820515
0.28,0.9953211880954399,[0.15076277],5.016675737145039
0.29,0.9953684171511558,[0.16561966],5.314038396107464
0.3,0.9954153825919132,[0.18172435],5.629021454299353
0.31,0.9954620843086599,[0.19917357],5.962668659491832
0.32,0.9955085221929653,[0.21807121],6.316085563500689
0.33,0.9955546961370235,[0.23852879],6.690443180409075
0.34,0.9956006060336529,[0.26066605],7.086981861233922
0.35000000000000003,0.9956462517762968,[0.28461151],7.507015397836658
0.36,0.9956916332590244,[0.31050312],7.951935369635544
0.37,0.9957367503765314,[0.33848888],8.4232157474783
0.38,0.9957816030241403,[0.36872763],8.922417769882387
0.39,0.995826191097801,[0.40138974],9.451195107749344
0.4,0.995870514494092,[0.43665798],10.01129933461137
0.41000000000000003,0.9959145731102206,[0.47472838],10.604585720476713
0.42,0.9959583668440231,[0.51581117],11.233019368408184
0.43,0.9960018955939665,[0.56013175],11.898681714099997
0.44,0.9960451592591476,[0.60793182],12.603777409915649
0.45,0.9960881577392954,[0.65947047],13.350641616118331
0.46,0.9961308909347699,[0.71502543],14.141747723368265
0.47000000000000003,0.996173358746564,[0.77489438],14.979715531984416
0.48,0.9962155610763034,[0.83939633],15.867319914974479
0.49,0.9962574978262474,[0.90887312],16.807499993432977
0.5,0.9962991688992894,[0.98369103],17.80336885459703
0.51,0.9963405741989575,[1.06424247],18.858223844639298
0.52,0.9963817136294153,[1.15094783],19.97555747017302
0.53,0.9964225870954622,[1.24425738],21.159068944451363
0.54,0.9964631945025336,[1.3446534],22.412676416369383
0.55,0.9965035357567024,[1.45265237],23.74052992262826
0.56,0.9965436107646788,[1.5688074],25.147025105806012
0.5700000000000001,0.996583419433811,[1.69371069],26.63681774360398
0.58,0.9966229616720859,[1.82799631],28.214839137212888
0.59,0.9966622373881295,[1.97234306],29.886312409574423
0.6,0.9967012464912075,[2.12747761],31.656769767313524
0.61,0.9967399888912261,[2.29417775],33.53207078329375
0.62,0.9967784644987316,[2.47327596],35.51842176011136
0.63,0.9968166732249122,[2.66566318],37.62239623840713
0.64,0.9968546149815974,[2.8722928],39.8509567176476
0.65,0.9968922896812595,[3.09418505],42.21147766102324
0.66,0.9969296972370133,[3.3324315],44.711769860342585
0.67,0.996966837562617,[3.58820002],47.36010624128339
0.68,0.9970037105724724,[3.86274],50.16524919410655
0.6900000000000001,0.9970403161816263,[4.15738798],53.136479519966166
0.7000000000000001,0.9970766543057694,[4.47357357],56.28362708827044
0.71,0.9971127248612385,[4.81282587],59.61710330618624
0.72,0.9971485277650158,[5.17678025],63.14793550734856
0.73,0.99718406293473,[5.56718566],66.88780337315893
0.74,0.9972193302886564,[5.98591235],70.8490775067512
0.75,0.9972543297457176,[6.43496017],75.0448602867939
0.76,0.9972890612254839,[6.91646743],79.48902913580571
0.77,0.9973235246481739,[7.43272031],84.19628234561335
0.78,0.9973577199346546,[7.98616295],89.18218761100124
0.79,0.9973916470064423,[8.57940822],94.46323343152
0.8,0.997425305785703,[9.21524917],100.05688355086448
0.81,0.9974586961952524,[9.8966713],105.98163461323426
0.8200000000000001,0.9974918181585569,[10.62686563],112.25707722667781
0.8300000000000001,0.9975246715997336,[11.40924264],118.90396063464104
0.84,0.997557256443551,[12.24744717],125.94426120881538
0.85,0.9975895726154295,[13.14537431],133.40125498896106
0.86,0.9976216200414415,[14.10718632],141.29959450869927
0.87,0.9976533986483124,[15.13733078],149.66539016037623
0.88,0.9976849083634203,[16.24055984],158.52629636703665
0.89,0.9977161491147967,[17.42195081],167.91160284536556
0.9,0.9977471208311275,[18.68692818],177.85233126021046
0.91,0.9977778234417523,[20.041287],188.38133758903285
0.92,0.9978082568766657,[21.49121793],199.53342053342897
0.93,0.9978384210665175,[23.04333388],211.3454363347514
0.9400000000000001,0.9978683159426128,[24.70469853],223.85642037193253
0.9500000000000001,0.9978979414369127,[26.48285659],237.10771594192036
0.96,0.9979272974820345,[28.38586629],251.14311064676477
0.97,0.9979563840112523,[30.42233384],266.0089808364099
0.98,0.997985200958497,[32.60145031],281.7544445827425
0.99,0.9980137482583572,[34.93303094],298.4315236885067
1.0,0.9980420258460793,[37.42755702],316.0953152644003
1.01,0.9980700336575675,[40.09622061],334.8041734391392
1.02,0.9980977716293851,[42.95097223],354.61990180058234
1.03,0.9981252396987536,[46.00457166],375.60795720130534
1.04,0.9981524378035543,[49.27064225],397.83766559936157
1.05,0.998179365882328,[52.76372864],421.38245064454185
1.06,0.9982060238742753,[56.49935851],446.3200757623342
1.07,0.998232411719257,[60.49410831],472.7329005321583
1.08,0.9982585293577948,[64.76567337],500.7081522034241
1.09,0.9982843767310712,[69.33294269],530.3382132427233
1.1,0.9983099537809299,[74.21607863],561.7209258581338
1.11,0.9983352604498764,[79.43660197],594.9599145024188
1.12,0.9983602966810781,[85.01748249],630.1649274159665
1.1300000000000001,0.9983850624183644,[90.98323564],667.4521983328838
1.1400000000000001,0.9984095576062277,[97.36002558],706.9448295398907
1.1500000000000001,0.9984337821898229,[104.17577495],748.7731975478233
1.16,0.9984577361149684,[111.46028209],793.0753827098192
1.17,0.9984814193281457,[119.24534576],839.9976241989345
1.18,0.9985048317765003,[127.56489832],889.6948018412145
1.19,0.9985279734078419,[136.45514757],942.3309463884615
1.2,0.9985508441706443,[145.95472799],998.0797799083218
1.21,0.998573444014046,[156.10486197],1057.1252880682323
1.22,0.9985957728878506,[166.94953166],1119.6623261944646
1.23,0.9986178307425265,[178.53566217],1185.8972610984388
1.24,0.9986396175292082,[190.91331677],1256.0486507798623
1.25,0.9986611331996952,[204.13590511],1330.347964240636
1.26,0.9986823777064534,[218.26040494],1409.0403437751027
1.27,0.998703351002615,[233.34759859],1492.385412241667
1.28,0.9987240530419785,[249.46232499],1580.6581279684303
1.29,0.9987444837790093,[266.67374815],1674.14969010182
1.3,0.9987646431688396,[285.05564345],1773.1684973727415
1.31,0.9987845311672692,[304.68670267],1878.0411634300572
1.32,0.9988041477307649,[325.65085905],1989.1135920768002
1.33,0.9988234928164617,[348.03763376],2106.7521159410844
1.34,0.998842566382162,[371.94250506],2231.344702321773
1.35,0.9988613683863368,[397.46730177],2363.302230169328
1.36,0.9988798987881253,[424.72062246],2503.0598423956158
1.37,0.9988981575473354,[453.81828226],2651.0783779535177
1.3800000000000001,0.9989161446244434,[484.88378885],2807.8458883888006
1.3900000000000001,0.9989338599805954,[518.04884974],2973.879243843748
1.4000000000000001,0.9989513035776056,[553.4539128],3149.7258337853978
1.41,0.9989684753779589,[591.24874212],3335.965368041762
1.42,0.9989853753448085,[631.59303166],3533.211784058436
1.43,0.9990020034419784,[674.65705909],3742.115266636016
1.44,0.999018359633962,[720.62238234],3963.3643867777464
1.45,0.9990344438859232,[769.68258186],4197.688366667048
1.46,0.9990502561636959,[822.04405126],4445.859478208114
1.47,0.9990657964337847,[877.92683985],4708.695583000438
1.48,0.9990810646633649,[937.56555009],4987.062822081748
1.49,0.9990960608202826,[1001.21029381],5281.878464264446
1.5,0.9991107848730546,[1069.12771084],5594.113922410503
1.51,0.9991252367908693,[1141.60205419],5924.797947539838
1.52,0.9991394165435862,[1218.93634611],6275.0200112499115
1.53,0.9991533241017361,[1301.45360955],6645.93388754116
1.54,0.9991669594365215,[1389.49818011],7038.761445795994
1.55,0.9991803225198167,[1483.43710342],7454.796667350844
1.56,0.9991934133241677,[1583.6616238],7895.409898832847
1.57,0.9992062318227926,[1690.5887699],8362.052356208316
1.58,0.9992187779895814,[1804.66304374],8856.260894311004
1.59,0.9992310517990967,[1926.3582198],9379.663057487462
1.6,0.9992430532265729,[2056.17926136],9933.982427917193
1.61,0.9992547822479173,[2194.66436157],10521.044289139887
1.62,0.9992662388397097,[2342.38711756],11142.781623353716
1.6300000000000001,0.9992774229792022,[2499.9588459],11801.24146214132
1.6400000000000001,0.9992883346443201,[2668.03104894],12498.591611436848
1.6500000000000001,0.9992989738136612,[2847.29804147],13237.127772772132
1.6600000000000001,0.9993093404664963,[3038.49974829],14019.28108413687
1.67,0.9993194345827696,[3242.42468373],14847.62610516091
1.68,0.9993292561430979,[3459.91312482],15724.889272780287
1.69,0.9993388051287713,[3691.86049072],16653.957855087807
1.7,0.9993480815217534,[3939.22094181],17637.889432699172
1.71,0.9993570853046807,[4203.01121245],18679.921938690633
1.72,0.9993658164608634,[4484.31469281],19783.484289991324
1.73,0.9993742749742852,[4784.28577565],20952.20764504787
1.74,0.9993824608296029,[5104.15448529],22189.93732462672
1.75,0.9993903740121471,[5445.23140701],23500.745434788143
1.76,0.9993980145079221,[5808.91293627],24888.944233361603
1.77,0.9994053823036056,[6196.68686847],26359.10028368317
1.78,0.999412477386549,[6610.13835117],27916.049441928822
1.79,0.9994192997447774,[7050.95622227],29564.912727102877
1.8,0.9994258493669899,[7520.93975908],31311.11312562514
1.81,0.9994321262425587,[8022.00586469],33160.3933855152
1.82,0.9994381303615305,[8556.19672002],35118.83485840625
1.83,0.9994438617146253,[9125.68793159],37192.877451043925
1.84,0.9994493202932371,[9732.79720685],39389.340751551994
1.85,0.9994545060894336,[10379.99359136],41715.446399583336
1.86,0.9994594190959565,[11069.90730381],44178.84177353904
1.87,0.9994640593062208,[11805.34020763],46787.62507233994
1.8800000000000001,0.999468426714316,[12589.27696015],49550.37187379006
1.8900000000000001,0.9994725213150047,[13424.89688303],52476.1632563933
1.9000000000000001,0.9994763431037238,[14315.58660037],55574.61557659062
1.9100000000000001,0.9994798920765836,[15264.95349414],58855.91199878986
1.92,0.9994831682303682,[16276.84002943],62330.835881283245
1.93,0.9994861715625355,[17355.33900563],66010.80612720645
1.94,0.999488902071217,[18504.80979321],69907.91461610663
1.95,0.9994913597552176,[19729.89561951],74034.9658384801
1.96,0.9994935446140162,[21035.5419711],78405.51886282691
1.97,0.999495456647765,[22427.01618465],83033.93177238452
1.98,0.9994970958572895,[23909.92830269],87935.4087167594
1.99,0.9994984622440891,[25490.25327581],93126.04973220782
2.0,0.9994995558103361,[27174.35459777],98622.90349334964
2.0100000000000002,0.9995003765588764,[28969.00946583],104444.02316866169
2.02,0.9995009244932289,[30881.43556434],110608.52556221979
2.0300000000000002,0.9995011996175859,[32919.319576],117136.65373488047
2.04,0.9995012019368126,[35090.8475318],124049.84330943273
2.05,0.9995009314564475,[37404.73711796],131370.79267627368
2.06,0.9995003881827016,[39870.27206558],139123.5373288693
2.07,0.999499572122459,[42497.3387568],147333.52857173007
2.08,0.9994984832832766,[45296.46519001],156027.71685788973
2.09,0.9994971216733838,[48278.86245554],165234.64002795183
2.1,0.9994954873016825,[51456.4688831],174984.51673876343
2.11,0.999493580177747,[54841.99703264],185309.3453866648
2.12,0.9994914003118244,[58448.98371102],196243.00884819267
2.13,0.9994889477148333,[62291.84320897],207821.3853800454
2.14,0.9994862223983649,[66385.92396485],220082.466040207
2.15,0.9994832243746822,[70747.5688752],233066.47901334683
2.16,0.9994799536567198,[75394.17948617],246816.02124612694
2.17,0.9994764102580844,[80344.2843146],261376.19782182612
2.18,0.9994725941930541,[85617.61156393],276794.7695289272
2.19,0.9994685054765783,[91235.16651651],293122.3091049563
2.2,0.9994641441242779,[97219.31390248],310412.3666651534
2.21,0.9994595101524447,[103593.86556408],328721.64485540584
2.22,0.9994546035780416,[110384.17375489],348110.18430057855
2.23,0.9994494244187023,[117617.23043536],368641.5599528402
2.24,0.9994439726927313,[125321.77294862],390383.0889801015
2.25,0.9994382484191032,[133528.39648563],413406.05087218806
2.2600000000000002,0.9994322516174633,[142269.67377458],437785.92048217775
2.27,0.9994259823081268,[151580.28245719],463602.6147623556
2.2800000000000002,0.9994194405120791,[161497.1406444],490940.7539988559
2.29,0.9994126262509749,[172059.55117517],519889.93839614873
2.3000000000000003,0.9994055395471392,[183309.35513559],550545.0409125292
2.31,0.9993981804235655,[195291.09523123],583006.5173005341
2.32,0.9993905489039174,[208052.18964338],617380.7343622394
2.33,0.9993826450125269,[221643.11704013],653780.3174885389
2.34,0.999374468774395,[236117.61345618],692324.5186142409
2.35,0.9993660202151912,[251532.88180068],733139.6057871818
2.36,0.9993572993612533,[267949.81480103],776359.2756197642
2.37,0.9993483062395875,[285433.23224201],822125.0899657633
2.38,0.9993390408778676,[304052.1334145],870586.9382438717
2.39,0.9993295033044354,[323879.96574635],921903.5269128896
2.4,0.9993196935482999,[344994.91065021],976242.8976915578
2.41,0.9993096116391375,[367480.18768869],1033782.9762095304
2.42,0.9992992576072914,[391424.37822791],1094712.1528746895
2.43,0.9992886314837718,[416921.7698249],1159229.8978467707
2.44,0.9992777333002553,[444072.72267374],1227547.4121178733
2.45,0.9992665630890845,[472984.0595199],1299888.3168178222
2.46,0.9992551208832682,[503769.480542],1376489.3829862657
2.47,0.999243406716481,[536550.00479589],1457601.304184943
2.48,0.9992314206230629,[571454.43991744],1543489.514462416
2.49,0.9992191626380189,[608619.88188875],1634435.0543309213
2.5,0.999206632797019,[648192.24678718],1730735.4875706052
2.5100000000000002,0.9991938311363981,[690326.83655934],1832705.8718415424
2.52,0.9991807576931553,[735188.94099173],1940679.7862582293
2.5300000000000002,0.9991674125049533,[782954.47818851],2055010.419266324
2.54,0.9991537956101193,[833810.67601387],2176071.720356647
2.5500000000000003,0.9991399070476437,[887956.79711282],2304259.6193588544
2.56,0.9991257468571797,[945604.91029091],2439993.3172759274
2.57,0.999111315079044,[1006980.71121034],2583716.6528529646
2.58,0.9990966117542157,[1072324.39554795],2735899.549318949
2.59,0.9990816369243357,[1141891.58796133],2897039.546000203
2.6,0.9990663906317074,[1215954.33042168],3067663.4197793817
2.61,0.9990508729192956,[1294802.13369893],3248328.9016646924
2.62,0.9990350838307265,[1378743.09602535],3439626.4940426787
2.63,0.9990190234102869,[1468105.09322007],3642181.3945135516
2.64,0.9990026917029248,[1563237.04482942],3856655.5325538367
2.65,0.998986088754248,[1664510.26112758],4083749.7256160844
2.66,0.9989692146105245,[1772319.8761305],4324205.961662579
2.67,0.998952069318682,[1887086.37210332],4578809.815539018
2.68,0.9989346529263073,[2009257.20139046],4848393.007027884
2.69,0.9989169654816462,[2139308.51176781],5133836.1088793725
2.7,0.9988990070336029,[2277746.9819109],5436071.413603783
2.71,0.99888077763174,[2425111.77399191],5756085.968322443
2.72,0.9988622773262777,[2581976.61086423],6094924.787518794
2.73,0.998843506168094,[2748951.98576723],6453694.254106071
2.74,0.9988244642087236,[2926687.51298838],6833565.719838113
2.75,0.9988051515003581,[3115874.42845536],7235779.316733691
2.7600000000000002,0.9987855680958454,[3317248.24980157],7661647.991868276
2.77,0.9987657140486893,[3531591.60605427],8112561.778608349
2.7800000000000002,0.9987455894130493,[3759737.24773965],8589992.318129048
2.79,0.9987251942437396,[4002571.24888435],9095497.64586395
2.8000000000000003,0.9987045285962297,[4261036.41312266],9630727.25839328
2.81,0.9986835925266433,[4536135.8968932],10197427.477182094
2.82,0.9986623860917577,[4828937.06353413],10797447.12654056
2.83,0.9986409093490042,[5140575.58296205],11432743.544192476
2.84,0.9986191623564667,[5472259.79255247],12105388.943913575
2.85,0.9985971451728824,[5825275.33583117],12817577.15083852
2.86,0.9985748578576404,[6200990.09663954],13571630.731238067
2.87,0.9985523004707816,[6600859.44755887],14370008.539843503
2.88,0.9985294730729983,[7026431.83256966],15215313.70914162
2.89,0.9985063757256343,[7479354.70519079],16110302.106492512
2.9,0.998483008490683,[7961380.84469008],17057891.286430478
2.91,0.9984593714307888,[8474375.07439235],18061169.967108585
2.92,0.9984354646092453,[9020321.40763402],19123408.061536804
2.93,0.9984112880899952,[9601330.64853513],20248067.29605589
2.94,0.9983868419376303,[10219648.47648165],21438812.450381286
2.95,0.9983621262173904,[10877664.04504491],22699523.25555896
2.96,0.9983371409951631,[11577919.12801162],24034306.988293856
2.97,0.9983118863374837,[12323117.84727177],25447511.802360676
2.98,0.9982863623115339,[13116137.01951266],26943740.840179607
2.99,0.998260568985142,[13960037.16101175],28527867.170158207
3.0,0.9982345064267825,[14858074.19230971],30205049.598058693
3.0100000000000002,0.9982081747055748,[15813711.8871957],31980749.403470326
3.02,0.9981815738912836,[16830635.11325026],33860748.055443786
3.0300000000000002,0.998154704054318,[17912763.9141883],35851165.96450278
3.04,0.9981275652657312,[19064268.48742535],37958482.331582576
3.0500000000000003,0.9981001575972196,[20289585.11367833],40189556.15798281
3.06,0.9980724811211227,[21593433.09900837],42551648.48415519
3.0700000000000003,0.9980445359104224,[22980832.79354321],45052445.92910911
3.08,0.9980163220387426,[24457124.75518274],47700085.60639958
3.09,0.9979878395803485,[26027990.13092074],50503181.49709827
3.1,0.9979590886101466,[27699472.33301324],53470852.36483204
3.11,0.9979300692036832,[29478000.09211648],56612751.30293948
3.12,0.9979007814371448,[31370411.97471828],59939097.009045884
3.13,0.9978712253873573,[33383982.45771313],63460706.887910195
3.14,0.9978414011317851,[35526449.65885412],67189032.0892852
3.15,0.9978113087485312,[37806044.82806042],71136194.59374431
3.16,0.997780948316336,[40231523.71120995],75315026.46602435
3.17,0.9977503199145773,[42812199.90510664],79739111.40238962
3.18,0.9977194236232693,[45557980.32983026],84422828.70590772
3.19,0.9976882595230624,[48479402.95265725],89381399.83131759
3.2,0.9976568276952426,[51587676.90623961],94630937.6494396
3.21,0.9976251282217306,[54894725.15275043],100188498.58979954
3.22,0.9975931611850816,[58413229.85531081],106072137.82939929
3.23,0.9975609266684846,[62156680.62821084],112300967.70533133
3.24,0.9975284247557619,[66139425.84829572],118895219.53930555
3.25,0.9974956555313683,[70376727.2214149],125876309.07308894
3.2600000000000002,0.9974626190803907,[74884817.81010647],133266905.72547123
3.27,0.9974293154885477,[79680963.74171749],141091005.89361107
3.2800000000000002,0.9973957448421885,[84783529.83003491],149374010.53461656
3.29,0.9973619072282929,[90212049.35822833],158142807.27692467
3.3000000000000003,0.9973278027344702,[95987298.28658718],167425857.32559466
3.31,0.9972934314489588,[1.02131374e+08],177253287.4409807
3.3200000000000003,0.9972587934606258,[1.0866778e+08],187656987.2865454
3.33,0.9972238888589661,[1.15621514e+08],198670712.45875517
3.34,0.9971887177341017,[1.23019163e+08],210330193.5302471
3.35,0.9971532801767816,[1.30889005e+08],222673251.45669478
3.36,0.9971175762783808,[1.39261116e+08],235739919.71821114
3.37,0.9970816061308995,[1.48167484e+08],249572573.58770308
3.38,0.9970453698269628,[1.57642129e+08],264216066.941395
3.39,0.9970088674598201,[1.67721236e+08],279717877.05093193
3.4,0.9969720991233444,[1.78443286e+08],296128257.82198
3.41,0.9969350649120313,[1.89849208e+08],313500401.9713355
3.42,0.996897764920999,[2.01982531e+08],331890612.66310275
3.43,0.996860199245987,[2.14889548e+08],351358485.15483487
3.44,0.9968223679833561,[2.28619494e+08],371967099.03649026
3.45,0.9967842712300872,[2.43224731e+08],393783221.6790116
3.46,0.9967459090837808,[2.58760947e+08],416877523.54511607
3.47,0.9967072816426568,[2.75287366e+08],441324806.05288094
3.48,0.996668389005553,[2.92866973e+08],467204242.722782
3.49,0.996629231271925,[3.11566752e+08],494599634.38135743
3.5,0.9965898085418458,[3.31457938e+08],523599679.2395318
3.5100000000000002,0.9965501209160039,[3.52616292e+08],554298258.7112243
3.52,0.9965101684957044,[3.75122379e+08],586794739.8880847
3.5300000000000002,0.9964699513828668,[3.99061881e+08],621194295.6394666
3.54,0.9964294696800248,[4.24525915e+08],657608243.3629526
3.5500000000000003,0.996388723490326,[4.51611382e+08],696154403.4703733
3.56,0.9963477129175311,[4.8042133e+08],736957478.7571721
3.5700000000000003,0.9963064380660125,[5.11065344e+08],780149455.8697064
3.58,0.9962648990407544,[5.43659963e+08],825870030.1554781
3.59,0.9962230959473518,[5.78329117e+08],874267055.2559962
3.6,0.9961810288920098,[6.15204596e+08],925497018.8807782
3.61,0.9961386979815428,[6.54426548e+08],979725546.2845498
3.62,0.9960961033233738,[6.9614401e+08],1037127933.0580351
3.63,0.9960532450255344,[7.40515466e+08],1097889708.93607
3.64,0.9960101231966626,[7.87709451e+08],1162207234.4257565
3.65,0.9959667379460034,[8.37905184e+08],1230288332.161796
3.66,0.9959230893834076,[8.91293243e+08],1302352955.006909
3.67,0.9958791776193309,[9.48076288e+08],1378633893.03211
3.68,0.9958350027648332,[1.00846982e+09],1459377521.6355872
3.69,0.9957905649315785,[1.07270301e+09],1544844593.1896884
3.7,0.9957458642318331,[1.14101952e+09],1635311074.7442915
3.71,0.9957009007784658,[1.21367849e+09],1731069034.46111
3.72,0.9956556746849466,[1.29095545e+09],1832427579.6088314
3.73,0.9956101860653461,[1.3731434e+09],1939713849.1126323
3.74,0.9955644350343349,[1.46055389e+09],2053274063.8254545
3.75,0.9955184217071823,[1.55351822e+09],2173474637.871589
3.7600000000000002,0.9954721461997565,[1.65238864e+09],2300703354.6075487
3.77,0.9954256086285228,[1.75753975e+09],2435370610.950261
3.7800000000000002,0.9953788091105437,[1.86936983e+09],2577910734.040096
3.79,0.9953317477634772,[1.98830241e+09],2728783374.4357333
3.8000000000000003,0.9952844247055772,[2.11478783e+09],2888474980.2812
3.81,0.9952368400556916,[2.24930492e+09],3057500357.142141
3.8200000000000003,0.9951889939332621,[2.39236284e+09],3236404318.4807534
3.83,0.9951408864583234,[2.54450296e+09],3425763432.025908
3.84,0.9950925177515024,[2.70630095e+09],3626187867.5998225
3.85,0.9950438879340171,[2.87836887e+09],3838323352.2839384
3.86,0.9949949971276761,[3.06135753e+09],4062853239.147356
3.87,0.9949458454548779,[3.25595893e+09],4300500696.121223
3.88,0.9948964330386098,[3.46290884e+09],4552031021.983014
3.89,0.994846760002447,[3.68298958e+09],4818254096.817909
3.9,0.9947968264705527,[3.91703297e+09],5100026974.749971
3.91,0.9947466325676758,[4.16592344e+09],5398256627.187007
3.92,0.9946961784191515,[4.43060135e+09],5713902845.299068
3.93,0.9946454641508996,[4.71206656e+09],6047981310.955221
3.94,0.994594489889424,[5.01138214e+09],6401566845.87573
3.95,0.9945432557618118,[5.32967838e+09],6775796849.321551
3.96,0.9944917618957326,[5.66815707e+09],7171874935.238432
3.97,0.9944400084194375,[6.02809594e+09],7591074780.404915
3.98,0.9943879954617584,[6.41085354e+09],8034744195.799484
3.99,0.9943357231521069,[6.81787427e+09],8504309434.108819
4.0,0.994283191620474,[7.25069386e+09],9001279747.044363
4.01,0.9942304009974287,[7.71094508e+09],9527252206.924759
4.0200000000000005,0.9941773514141173,[8.20036391e+09],10083916807.815332
4.03,0.9941240430022629,[8.72079603e+09],10673061862.399033
4.04,0.994070475894164,[9.27420376e+09],11296579711.687765
4.05,0.994016650222694,[9.86267341e+09],11956472765.668385
4.0600000000000005,0.9939625661213003,[1.04884231e+10],12654859894.023756
4.07,0.9939082237240033,[1.11538111e+10],13393983187.172384
4.08,0.9938536231653958,[1.18613447e+10],14176215109.039095
4.09,0.9937987645806416,[1.26136894e+10],15004066064.202497
4.1,0.9937436481054756,[1.34136792e+10],15880192403.372879
4.11,0.9936882738762015,[1.42643272e+10],16807404892.53442
4.12,0.9936326420296925,[1.51688367e+10],17788677672.545868
4.13,0.9935767527033892,[1.6130613e+10],18827157737.5402
4.14,0.9935206060352991,[1.71532769e+10],19926174962.094154
4.15,0.9934642021639962,[1.82406775e+10],21089252708.869133
4.16,0.9934075412286194,[1.93969071e+10],22320119050.248478
4.17,0.9933506233688718,[2.06263162e+10],23622718639.430634
4.18,0.9932934487250202,[2.19335301e+10],25001225268.47688
4.19,0.9932360174378938,[2.33234659e+10],26460055152.974728
4.2,0.9931783296488832,[2.48013512e+10],28003880985.259964
4.21,0.99312038549994,[2.63727434e+10],29637646800.557606
4.22,0.9930621851335752,[2.80435507e+10],31366583702.951687
4.23,0.9930037286928592,[2.98200542e+10],33196226500.79815
4.24,0.99294501632142,[3.17089312e+10],35132431304.046425
4.25,0.9928860481634426,[3.37172804e+10],37181394138.95823
4.26,0.9928268243636683,[3.58526484e+10],39349670638.89882
4.2700000000000005,0.9927673450673936,[3.81230579e+10],41644196873.25617
4.28,0.9927076104204693,[4.05370376e+10],44072311380.107895
4.29,0.9926476205692993,[4.31036543e+10],46641778472.03419
4.3,0.9925873756608404,[4.58325467e+10],49360812888.45704
4.3100000000000005,0.9925268758426004,[4.87339612e+10],52238105872.112526
4.32,0.9924661212626379,[5.18187908e+10],55282852751.71445
4.33,0.9924051120695611,[5.5098615e+10],58504782117.592995
4.34,0.9923438484125267,[5.85857439e+10],61914186682.06547
4.3500000000000005,0.9922823304412394,[6.22932636e+10],65521955921.5783
4.36,0.9922205583059504,[6.62350853e+10],69339610603.2233
4.37,0.992158532157457,[7.04259972e+10],73379339304.13258
4.38,0.9920962521471011,[7.48817198e+10],77654037038.4735
4.39,0.9920337184267688,[7.96189648e+10],82177346113.36111
4.4,0.9919709311488888,[8.4655497e+10],86963699341.96265
4.41,0.9919078904664321,[9.00102012e+10],92028365749.42749
4.42,0.9918445965329107,[9.57031521e+10],97387498915.06502
4.43,0.9917810495023764,[1.0175569e+11],103058188102.40752
4.44,0.9917172495294204,[1.081905e+11],109058512337.50162
4.45,0.9916531967691719,[1.15031695e+11],115407597604.95883
4.46,0.9915888913772971,[1.22304911e+11],122125677341.02365
4.47,0.9915243335099987,[1.30037396e+11],129234156413.17538
4.48,0.9914595233240142,[1.38258115e+11],136755678786.6597
4.49,0.9913944609766157,[1.46997859e+11],144714199089.8093
4.5,0.991329146625608,[1.56289358e+11],153135058302.17084
4.51,0.9912635804293287,[1.66167404e+11],162045063802.25583
4.5200000000000005,0.9911977625466463,[1.7666898e+11],171472574025.32376
4.53,0.9911316931369595,[1.87833399e+11],181447587995.918
4.54,0.9910653723601964,[1.99702449e+11],192001840015.0483
4.55,0.9909988003768134,[2.1232055e+11],203168899797.9074
4.5600000000000005,0.9909319773477939,[2.2573492e+11],214984278374.96027
4.57,0.9908649034346478,[2.3999575e+11],227485540087.12402
4.58,0.9907975787994101,[2.5515639e+11],240712421024.69385
4.59,0.9907300036046399,[2.71273549e+11],254706954279.62402
4.6000000000000005,0.9906621780134198,[2.88407509e+11],269513602401.95123
4.61,0.9905941021893544,[3.06622344e+11],285179397473.43854
4.62,0.9905257762965695,[3.25986162e+11],301754089235.17487
4.63,0.990457200499711,[3.4657136e+11],319290301730.75214
4.64,0.990388374963944,[3.68454889e+11],337843698953.073
4.65,0.990319299854952,[3.91718546e+11],357473160010.6768
4.66,0.9902499753389351,[4.16449275e+11],378240964358.9303
4.67,0.9901804015826099,[4.4273949e+11],400212987672.59247
4.68,0.9901105787532074,[4.70687422e+11],423458908969.10547
4.69,0.9900405070184733,[5.00397483e+11],448052429626.79675
4.7,0.9899701865466659,[5.31980655e+11],474071504978.86804
4.71,0.9898996175065554,[5.65554902e+11],501598589202.9541
4.72,0.989828800067423,[6.0124561e+11],530720894266.97156
4.73,0.9897577343990597,[6.39186053e+11],561530663735.4547
4.74,0.9896864206717652,[6.79517889e+11],594125462286.3224
4.75,0.9896148590563468,[7.22391687e+11],628608481836.5337
4.76,0.989543049724119,[7.67967487e+11],665088865226.1802
4.7700000000000005,0.9894709928469013,[8.16415394e+11],703682048464.7303
4.78,0.9893986885970183,[8.67916213e+11],744510122600.2262
4.79,0.9893261371472978,[9.22662119e+11],787702216332.7091
4.8,0.9892533386710701,[9.80857372e+11],833394900556.8447
4.8100000000000005,0.989180293342167,[1.04271908e+12],881732616086.2588
4.82,0.9891070013349205,[1.10847799e+12],932868125883.2749
4.83,0.989033462824162,[1.17837938e+12],986962993193.096
4.84,0.988959677985221,[1.25268393e+12],1044188087060.9089
4.8500000000000005,0.9888856469939241,[1.33166872e+12],1104724116794.5735
4.86,0.988811370026594,[1.41562823e+12],1168762197024.218
4.87,0.9887368472600484,[1.50487549e+12],1236504445104.0708
4.88,0.9886620788715988,[1.59974317e+12],1308164612700.7615
4.89,0.9885870650390497,[1.70058487e+12],1383968753517.2766
4.9,0.988511805940697,[1.80777641e+12],1464155929212.2651
4.91,0.9884363017553276,[1.92171722e+12],1548978955691.3398
4.92,0.9883605526622176,[2.04283185e+12],1638705192070.6206
4.93,0.9882845588411318,[2.17157154e+12],1733617374743.023
4.94,0.9882083204723224,[2.30841584e+12],1834014499115.9194
4.95,0.9881318377365279,[2.45387449e+12],1940212751734.1562
4.96,0.9880551108149718,[2.60848921e+12],2052546495656.579
4.97,0.9879781398893617,[2.7728358e+12],2171369312116.3105
4.98,0.9879009251418884,[2.94752622e+12],2297055101667.103
4.99,0.9878234667552245,[3.13321085e+12],2429999248199.175
5.0,0.9877457649125232,[3.33058097e+12],2570619849399.7427
5.01,0.9876678197974177,[3.54037126e+12],2719359017435.471
5.0200000000000005,0.9875896315940195,[3.76336256e+12],2876684253848.252
5.03,0.9875112004869175,[4.00038476e+12],3043089902881.0576
5.04,0.9874325266611775,[4.25231985e+12],3219098687689.62
5.05,0.9873536103023398,[4.52010525e+12],3405263334146.9766
5.0600000000000005,0.9872744515964194,[4.80473723e+12],3602168287214.501
5.07,0.9871950507299038,[5.10727463e+12],3810431525133.7334
5.08,0.9871154078897526,[5.42884279e+12],4030706476990.459
5.09,0.9870355232633965,[5.77063772e+12],4263684049515.423
5.1000000000000005,0.9869553970387352,[6.1339305e+12],4510094769317.785
5.11,0.9868750294041374,[6.52007205e+12],4770711047096.461
5.12,0.986794420548439,[6.93049811e+12],5046349570744.504
5.13,0.9867135706609421,[7.36673453e+12],5337873834650.706
5.14,0.9866324799314139,[7.83040297e+12],5646196812915.392
5.15,0.9865511485500856,[8.32322691e+12],5972283784631.738
5.16,0.9864695767076516,[8.84703799e+12],6317155319843.281
5.17,0.9863877645952673,[9.40378284e+12],6681890435273.883
5.18,0.9863057124045493,[9.99553027e+12],7067629929437.48
5.19,0.9862234203275735,[1.06244789e+13],7475579907276.98
5.2,0.9861408885568738,[1.12929655e+13],7907015505051.82
5.21,0.9860581172854413,[1.20034733e+13],8363284826797.543
5.22,0.9859751067067236,[1.27586414e+13],8845813104316.43
5.23,0.9858918570146226,[1.35612747e+13],9356107093331.705
5.24,0.985808368403494,[1.44143538e+13],9895759719146.396
5.25,0.9857246410681461,[1.53210466e+13],10466454985899.068
5.26,0.9856406752038386,[1.62847197e+13],11069973164297.777
5.2700000000000005,0.9855564710062815,[1.73089508e+13],11708196273551.047
5.28,0.985472028671634,[1.83975423e+13],12383113874095.117
5.29,0.9853873483965027,[1.95545348e+13],13096829188649.477
5.3,0.9853024303779414,[2.07842228e+13],13851565570113.594
5.3100000000000005,0.9852172748134496,[2.20911699e+13],14649673335857.629
5.32,0.9851318819009707,[2.34802262e+13],15493636989053.832
5.33,0.9850462518388918,[2.49565457e+13],16386082848853.258
5.34,0.9849603848260422,[2.6525606e+13],17329787112431.5
5.3500000000000005,0.9848742810616917,[2.8193228e+13],18327684373217.37
5.36,0.9847879407455502,[2.9965598e+13],19382876620977.152
5.37,0.984701364077766,[3.184929e+13],20498642750865.066
5.38,0.9846145512589248,[3.38512904e+13],21678448610062.96
5.39,0.9845275024900487,[3.59790235e+13],22925957612234.195
5.4,0.984440217972595,[3.82403796e+13],24245041951704.4
5.41,0.9843526979084544,[4.06437432e+13],25639794451061.83
5.42,0.9842649424999506,[4.31980251e+13],27114541077754.53
5.43,0.9841769519498388,[4.59126943e+13],28673854167240.53
5.44,0.9840887264613046,[4.87978138e+13],30322566392347.086
5.45,0.9840002662379627,[5.18640773e+13],32065785520701.117
5.46,0.9839115714838557,[5.51228491e+13],33908910004430.03
5.47,0.983822642403453,[5.85862058e+13],35857645448787.37
5.48,0.9837334792016496,[6.22669811e+13],37918022008961.484
5.49,0.983644082083765,[6.61788129e+13],40096412767060.39
5.5,0.9835544512555418,[7.03361944e+13],42399553144164.75
5.51,0.9834645869231445,[7.47545268e+13],44834561405383.03
5.5200000000000005,0.9833744892931588,[7.94501769e+13],47408960319071.984
5.53,0.9832841585725898,[8.4440537e+13],50130700034774.7
5.54,0.9831935949688606,[8.97440897e+13],53008182248019.56
5.55,0.9831027986898123,[9.53804757e+13],56050285723896.2
5.5600000000000005,0.9830117699437015,[1.01370566e+14],59266393255321.72
5.57,0.9829205089391999,[1.07736541e+14],62666420136111.17
5.58,0.9828290158853926,[1.1450197e+14],66260844233414.59
5.59,0.9827372909917771,[1.21691897e+14],70060737748753.766
5.6000000000000005,0.9826453344682622,[1.2933294e+14],74077800761844.44
5.61,0.9825531465251669,[1.3745338e+14],78324396656588.56
5.62,0.9824607273732188,[1.46083272e+14],82813589534130.5
5.63,0.9823680772235528,[1.55254555e+14],87559183723653.28
5.64,0.9822751962877105,[1.65001167e+14],92575765507717.25
5.65,0.9821820847776389,[1.75359172e+14],97878747185387.53
5.66,0.9820887429056884,[1.86366894e+14],103484413603194.4
5.67,0.9819951708846123,[1.98065058e+14],109409971291154.44
5.68,0.9819013689275656,[2.10496938e+14],115673600348627.84
5.69,0.9818073372481035,[2.23708521e+14],122294509232780.16
5.7,0.9817130760601801,[2.37748672e+14],129292992610813.34
5.71,0.9816185855781476,[2.52669318e+14],136690492446019.81
5.72,0.9815238660167547,[2.68525637e+14],144509662497039.0
5.73,0.9814289175911455,[2.85376264e+14],152774436419582.88
5.74,0.9813337405168583,[3.03283504e+14],161510099670273.94
5.75,0.9812383350098244,[3.22313564e+14],170743365423220.25
5.76,0.9811427012863668,[3.42536799e+14],180502454721485.44
5.7700000000000005,0.981046839563199,[3.64027966e+14],190817181097813.06
5.78,0.9809507500574239,[3.86866505e+14],201719039911801.88
5.79,0.9808544329865322,[4.11136829e+14],213241302664270.94
5.8,0.9807578885684016,[4.36928637e+14],225419116563814.88
5.8100000000000005,0.9806611170212953,[4.64337243e+14],238289609635603.88
5.82,0.980564118563861,[4.93463927e+14],251892001678333.88
5.83,0.9804668934151294,[5.24416313e+14],266267721391952.88
5.84,0.9803694417945129,[5.57308758e+14],281460530016377.75
5.8500000000000005,0.980271763921805,[5.92262781e+14],297516651840011.6
5.86,0.9801738600171782,[6.29407504e+14],314484911956404.0
5.87,0.9800757303011836,[6.68880135e+14],332416881668038.4
5.88,0.9799773749947486,[7.10826467e+14],351367031957924.0
5.89,0.9798787943191768,[7.5540142e+14],371392895472573.1
5.9,0.9797799884961462,[8.0276961e+14],392555237484079.4
5.91,0.9796809577477079,[8.53105953e+14],414918236324372.5
5.92,0.979581702296285,[9.06596315e+14],438549673811566.5
5.93,0.9794822223646713,[9.63438192e+14],463521136216442.9
5.94,0.9793825181760302,[1.02384144e+15],489908226346891.5
5.95,0.9792825899538931,[1.08802904e+15],517790787359375.5
5.96,0.9791824379221584,[1.15623794e+15],547253138939509.5
5.97,0.9790820623050908,[1.2287199e+15],578384326528490.5
5.98,0.9789814633273186,[1.30574244e+15],611278384308779.2
5.99,0.9788806412138342,[1.38758983e+15],646034612700871.8
6.0,0.9787795961899913,[1.47456409e+15],682757871163649.8
6.01,0.9786783284815048,[1.56698617e+15],721558887133423.8
6.0200000000000005,0.978576838314449,[1.66519708e+15],762554581981844.2
6.03,0.9784751259152562,[1.76955918e+15],805868414920192.5
6.04,0.9783731915107159,[1.88045748e+15],851630745827453.0
6.05,0.9782710353279733,[1.99830108e+15],899979218032045.2
6.0600000000000005,0.9781686575945281,[2.12352469e+15],951059162132423.0
6.07,0.9780660585382331,[2.25659018e+15],1005024021999887.0
6.08,0.9779632383872934,[2.39798832e+15],1062035804168331.5
6.09,0.9778601973702642,[2.54824059e+15],1122265551879957.5
6.1000000000000005,0.9777569357160506,[2.70790108e+15],1185893845124035.0
6.11,0.9776534536539059,[2.87755851e+15],1253111328077092.5
6.12,0.9775497514134301,[3.05783847e+15],1324119265428236.5
6.13,0.9774458292245691,[3.24940561e+15],1399130129152245.0
6.140000000000001,0.9773416873176131,[3.4529662e+15],1478368217376469.5
6.15,0.9772373259231953,[3.66927064e+15],1562070307075101.5
6.16,0.977132745272291,[3.89911629e+15],1650486342416616.5
6.17,0.9770279455962162,[4.14335032e+15],1743880160686987.0
6.18,0.9769229271266259,[4.40287292e+15],1842530257813464.0
6.19,0.9768176900955133,[4.67864055e+15],1946730595620904.0
6.2,0.976712234735209,[4.97166945e+15],2056791453065464.0
6.21,0.9766065612783782,[5.28303944e+15],2173040323809371.0
6.22,0.9765006699580212,[5.61389781e+15],2295822862624976.0
6.23,0.9763945610074709,[5.96546361e+15],2425503883247938.0
6.24,0.9762882346603923,[6.33903208e+15],2562468410437150.0
6.25,0.9761816911507804,[6.73597944e+15],2707122789144448.0
6.26,0.9760749307129598,[7.15776795e+15],2859895853849335.0
6.2700000000000005,0.9759679535815831,[7.60595126e+15],3021240161274884.0
6.28,0.9758607599916294,[8.08218015e+15],3191633289869027.0
6.29,0.9757533501784033,[8.58820858e+15],3371579209613474.0
6.3,0.9756457243775335,[9.12590015e+15],3561609725907840.0
6.3100000000000005,0.9755378828249717,[9.69723494e+15],3762286001473204.0
6.32,0.975429825756991,[1.03043168e+16],3974200160424410.0
6.33,0.9753215534101851,[1.0949381e+16],4197976978877214.0
6.34,0.9752130660214667,[1.16348026e+16],4434275666682718.0
6.3500000000000005,0.9751043638280661,[1.23631051e+16],4683791745120840.0
6.36,0.9749954470675302,[1.31369696e+16],4947259025634656.0
6.37,0.9748863159777212,[1.39592449e+16],5225451694951234.0
6.38,0.9747769707968155,[1.48329576e+16],5519186512210222.0
6.390000000000001,0.9746674117633016,[1.57613236e+16],5829325124012650.0
6.4,0.9745576391159801,[1.67477598e+16],6156776503606440.0
6.41,0.9744476530939613,[1.77958965e+16],6502499520745952.0
6.42,0.9743374539366645,[1.89095908e+16],6867505649097900.0
6.43,0.9742270418838166,[2.00929408e+16],7252861818419444.0
6.44,0.9741164171754507,[2.13503009e+16],7659693419103940.0
6.45,0.9740055800519053,[2.26862971e+16],8089187467078168.0
6.46,0.9738945307538223,[2.41058449e+16],8542595937443120.0
6.47,0.9737832695221461,[2.56141665e+16],9021239275676692.0
6.48,0.9736717965981226,[2.72168106e+16],9526510095666580.0
6.49,0.9735601122232975,[2.89196723e+16],1.0059877074311048e+16
6.5,0.973448216639515,[3.07290153e+16],1.0622889052919928e+16
6.51,0.9733361100889169,[3.26514941e+16],1.1217179356163844e+16
6.5200000000000005,0.9732237928139409,[3.46941795e+16],1.1844470339864216e+16
6.53,0.9731112650573196,[3.68645833e+16],1.2506578179483464e+16
6.54,0.9729985270620793,[3.9170687e+16],1.3205417911772944e+16
6.55,0.9728855790715384,[4.16209704e+16],1.3943008742658848e+16
6.5600000000000005,0.9727724213293063,[4.42244429e+16],1.4721479635102688e+16
6.57,0.9726590540792821,[4.69906768e+16],1.5543075191357912e+16
6.58,0.9725454775656532,[4.99298421e+16],1.64101618447642e+16
6.59,0.9724316920328946,[5.30527439e+16],1.7325234376970992e+16
6.6000000000000005,0.9723176977257666,[5.63708622e+16],1.8290922777273296e+16
6.61,0.9722034948893145,[5.98963939e+16],1.930999946156509e+16
6.62,0.9720890837688666,[6.36422976e+16],2.0385386869282264e+16
6.63,0.9719744646100335,[6.76223411e+16],2.152016545760859e+16
6.640000000000001,0.9718596376587062,[7.18511518e+16],2.2717582113166736e+16
6.65,0.9717446031610557,[7.63442706e+16],2.3981059002404896e+16
6.66,0.9716293613635306,[8.11182089e+16],2.5314202882927264e+16
6.67,0.9715139125128568,[8.6190509e+16],2.672081489909619e+16
6.68,0.9713982568560355,[9.15798083e+16],2.820490088637125e+16
6.69,0.9712823946403426,[9.73059082e+16],2.977068221003005e+16
6.7,0.9711663261133269,[1.03389846e+17],3.142260716515667e+16
6.71,0.9710500515228088,[1.09853973e+17],3.3165362966075696e+16
6.72,0.9709335711168794,[1.16722035e+17],3.500388835475925e+16
6.73,0.9708168851438991,[1.24019262e+17],3.694338685914926e+16
6.74,0.9706999938524958,[1.31772456e+17],3.898934073380736e+16
6.75,0.9705828974915647,[1.40010096e+17],4.114752561684627e+16
6.76,0.9704655963102659,[1.48762436e+17],4.342402593869968e+16
6.7700000000000005,0.9703480905580236,[1.58061619e+17],4.582525111996461e+16
6.78,0.970230380484525,[1.67941796e+17],4.835795259729587e+16
6.79,0.9701124663397189,[1.78439247e+17],5.102924171815997e+16
6.8,0.969994348373814,[1.8959252e+17],5.384660854714595e+16
6.8100000000000005,0.9698760268372785,[2.01442566e+17],5.681794162852205e+16
6.82,0.9697575019808375,[2.14032893e+17],5.995154875177942e+16
6.83,0.9696387740554733,[2.27409725e+17],6.325617876906166e+16
6.84,0.9695198433124229,[2.4162217e+17],6.67410445156079e+16
6.8500000000000005,0.9694007100031773,[2.56722403e+17],7.04158468866703e+16
6.86,0.9692813743794798,[2.72765853e+17],7.429080012678534e+16
6.87,0.9691618366933256,[2.89811408e+17],7.837665838980211e+16
6.88,0.9690420971969591,[3.07921632e+17],8.268474363067987e+16
6.890000000000001,0.968922156142874,[3.27162995e+17],8.722697489279808e+16
6.9,0.9688020137838113,[3.47606111e+17],9.201589905734138e+16
6.91,0.9686816703727581,[3.69326003e+17],9.706472312425568e+16
6.92,0.9685611261629464,[3.92402375e+17],1.0238734809732173e+17
6.93,0.9684403814078518,[4.16919904e+17],1.0799840454904102e+17
6.94,0.9683194363611924,[4.42968552e+17],1.1391328994430803e+17
6.95,0.9681982912769272,[4.70643893e+17],1.2014820780523136e+17
6.96,0.968076946409255,[5.00047463e+17],1.2672020880298086e+17
6.97,0.967955402012613,[5.31287136e+17],1.3364723386616358e+17
6.98,0.9678336583416757,[5.64477513e+17],1.4094815939899584e+17
6.99,0.9677117156513536,[5.99740349e+17],1.4864284470641754e+17
7.0,0.9675895741967917,[6.37204991e+17],1.56752181727317e+17
7.01,0.9674672342333687,[6.77008857e+17],1.6529814718114893e+17
7.0200000000000005,0.967344696016695,[7.19297939e+17],1.7430385723752128e+17
7.03,0.9672219598026122,[7.64227336e+17],1.8379362482271e+17
7.04,0.9670990258471911,[8.11961821e+17],1.937930196816027e+17
7.05,0.9669758944067312,[8.62676447e+17],2.0432893131818816e+17
7.0600000000000005,0.9668525657377585,[9.16557185e+17],2.1542963494255898e+17
7.07,0.9667290400970252,[9.73801609e+17],2.271248605572256e+17
7.08,0.9666053177415077,[1.03461962e+18],2.3944586532064768e+17
7.09,0.9664813989284057,[1.09923419e+18],2.5242550933097907e+17
7.1000000000000005,0.9663572839151406,[1.16788224e+18],2.660983349783419e+17
7.11,0.9662329729593547,[1.24081542e+18],2.8050065001927782e+17
7.12,0.9661084663189096,[1.31830112e+18],2.956706145325865e+17
7.13,0.9659837642518848,[1.40062338e+18],3.1164833192124006e+17
7.140000000000001,0.9658588670165767,[1.48808395e+18],3.284759441308493e+17
7.15,0.9657337748714975,[1.58100342e+18],3.461977312608297e+17
7.16,0.9656084880753733,[1.67972236e+18],3.648602157503032e+17
7.17,0.9654830068871434,[1.78460258e+18],3.845122713265925e+17
7.18,0.9653573315659587,[1.89602847e+18],4.0520523691014784e+17
7.19,0.9652314623711808,[2.01440836e+18],4.269930356756603e+17
7.2,0.9651053995623803,[2.14017606e+18],4.4993229947506944e+17
7.21,0.9649791433993357,[2.27379245e+18],4.740824988341432e+17
7.22,0.9648526941420322,[2.41574711e+18],4.995060787401605e+17
7.23,0.9647260520506606,[2.56656017e+18],5.2626860044411136e+17
7.24,0.9645992173856154,[2.7267842e+18],5.544388895065185e+17
7.25,0.9644721904074943,[2.8970062e+18],5.840891903216512e+17
7.26,0.9643449713770964,[3.0778498e+18],6.152953273602755e+17
7.2700000000000005,0.9642175605554212,[3.26997748e+18],6.48136873376385e+17
7.28,0.9640899582036672,[3.47409305e+18],6.826973248282732e+17
7.29,0.9639621645832307,[3.69094419e+18],7.190642847690778e+17
7.3,0.9638341799557045,[3.92132519e+18],7.573296534661381e+17
7.3100000000000005,0.9637060045828769,[4.16607988e+18],7.975898270124867e+17
7.32,0.9635776387267299,[4.42610466e+18],8.399459041971784e+17
7.33,0.9634490826494382,[4.70235185e+18],8.84503901904044e+17
7.34,0.9633203366133681,[4.99583312e+18],9.313749793106094e+17
7.3500000000000005,0.9631914008810765,[5.3076232e+18],9.806756711604756e+17
7.36,0.9630622757153083,[5.63886383e+18],1.0325281303829996e+18
7.37,0.9629329613789972,[5.99076792e+18],1.0870603803340677e+18
7.38,0.9628034581352625,[6.36462398e+18],1.1444065769300716e+18
7.390000000000001,0.962673766247409,[6.76180083e+18],1.204707280945065e+18
7.4,0.9625438859789255,[7.18375264e+18],1.2681097407369492e+18
7.41,0.9624138175934831,[7.63202418e+18],1.3347681856635146e+18
7.42,0.9622835613549349,[8.10825654e+18],1.4048441304420444e+18
7.43,0.9621531175273136,[8.61419307e+18],1.4785066906975457e+18
7.44,0.9620224863748309,[9.15168581e+18],1.5559329099340227e+18
7.45,0.9618916681618764,[9.72270219e+18],1.637308098150099e+18
7.46,0.9617606631530158,[1.03293323e+19],1.7228261823050772e+18
7.47,0.9616294716129902,[1.09737964e+19],1.8126900688233226e+18
7.48,0.9614980938067142,[1.16584533e+19],1.9071120183038833e+18
7.49,0.9613665299992755,[1.23858086e+19],2.0063140325778493e+18
7.5,0.9612347804559327,[1.31585243e+19],2.110528254228347e+18
7.51,0.9611028454421149,[1.39794279e+19],2.2199973786557276e+18
7.5200000000000005,0.96097072522342,[1.48515236e+19],2.334975078735014e+18
7.53,0.9608384200656133,[1.57780024e+19],2.455726442071331e+18
7.54,0.9607059302346267,[1.67622543e+19],2.582528420813492e+18
7.55,0.9605732559965573,[1.78078805e+19],2.715670293933904e+18
7.5600000000000005,0.9604403976176659,[1.89187068e+19],2.8554541418257654e+18
7.57,0.960307355364376,[2.0098797e+19],3.002195333003383e+18
7.58,0.9601741295032726,[2.13524686e+19],3.156223022620799e+18
7.59,0.9600407203011008,[2.26843076e+19],3.317880662442918e+18
7.6000000000000005,0.9599071280247645,[2.40991861e+19],3.4875265218163466e+18
7.61,0.9597733529413256,[2.56022796e+19],3.6655342190885315e+18
7.62,0.959639395318002,[2.71990862e+19],3.852293262816432e+18
7.63,0.9595052554221672,[2.88954464e+19],4.048209601986679e+18
7.640000000000001,0.9593709335213484,[3.06975646e+19],4.25370618433817e+18
7.65,0.9592364298832255,[3.26120318e+19],4.4692235217337754e+18
7.66,0.9591017447756301,[3.46458496e+19],4.695220261370257e+18
7.67,0.958966878466544,[3.68064557e+19],4.93217376144044e+18
7.68,0.9588318312240979,[3.91017513e+19],5.180580669672538e+18
7.69,0.9586966033165701,[4.15401298e+19],5.440957502962532e+18
7.7,0.9585611950123859,[4.41305072e+19],5.713841226087752e+18
7.71,0.9584256065801157,[4.68823553e+19],5.999789827240428e+18
7.72,0.9582898382884737,[4.98057357e+19],6.29938288784828e+18
7.73,0.9581538904063174,[5.29113367e+19],6.613222143852298e+18
7.74,0.9580177632026458,[5.62105126e+19],6.941932035288228e+18
7.75,0.9578814569465979,[5.97153247e+19],7.286160240666558e+18
7.76,0.9577449719074526,[6.34385857e+19],7.646578192260841e+18
7.7700000000000005,0.957608308354626,[6.73939063e+19],8.023881567998231e+18
7.78,0.9574714665576713,[7.15957451e+19],8.418790755191357e+18
7.79,0.9573344467862774,[7.60594611e+19],8.832051280858087e+18
7.8,0.957197249310267,[8.08013699e+19],9.264434202839794e+18
7.8100000000000005,0.9570598743995961,[8.58388033e+19],9.716736455347782e+18
7.82,0.9569223223243523,[9.11901727e+19],1.0189781141936423e+19
7.83,0.9567845933547542,[9.68750358e+19],1.0684417768219345e+19
7.84,0.9566466877611494,[1.02914169e+20],1.1201522405901222e+19
7.8500000000000005,0.956508605814014,[1.09329641e+20],1.1741997778897076e+19
7.86,0.9563703477839507,[1.16144898e+20],1.2306773261440565e+19
7.87,0.9562319139416883,[1.23384842e+20],1.2896804777142485e+19
7.88,0.9560933045580798,[1.3107593e+20],1.351307458694031e+19
7.890000000000001,0.9559545199041017,[1.39246263e+20],1.4156590952780497e+19
7.9,0.9558155602508527,[1.47925695e+20],1.4828387662683144e+19
7.91,0.9556764258695519,[1.57145937e+20],1.5529523401552167e+19
7.92,0.9555371170315387,[1.66940674e+20],1.626108095070185e+19
7.930000000000001,0.9553976340082705,[1.77345692e+20],1.702416619757024e+19
7.94,0.9552579770713222,[1.88399002e+20],1.7819906935467377e+19
7.95,0.9551181464923847,[2.00140982e+20],1.8649451431455064e+19
7.96,0.9549781425432636,[2.12614526e+20],1.951396673856553e+19
7.97,0.9548379654958784,[2.25865197e+20],2.041463672652795e+19
7.98,0.954697615622261,[2.39941397e+20],2.1352659802975076e+19
7.99,0.9545570931945541,[2.54894538e+20],2.232924629472785e+19
8.0,0.954416398485011,[2.70779238e+20],2.334561545620606e+19
8.01,0.9542755317659937,[2.8765351e+20],2.4402992069255234e+19
8.02,0.9541344933099717,[3.05578983e+20],2.550260259571368e+19
8.03,0.9539932833895208,[3.24621122e+20],2.6645670840849465e+19
8.040000000000001,0.9538519022773225,[3.44849466e+20],2.7833413082354156e+19
8.05,0.9537103502461621,[3.66337884e+20],2.9067032615874396e+19
8.06,0.9535686275689276,[3.89164845e+20],3.0347713664072745e+19
8.07,0.9534267345186088,[4.13413701e+20],3.167661459191772e+19
8.08,0.9532846713682962,[4.39172994e+20],3.305486036627895e+19
8.09,0.9531424383911793,[4.66536778e+20],3.4483534192942776e+19
8.1,0.9530000358605457,[4.95604961e+20],3.596366825880309e+19
8.11,0.95285746404978,[5.26483672e+20],3.749623350125029e+19
8.120000000000001,0.9527147232323626,[5.59285643e+20],3.908212832058645e+19
8.13,0.9525718136818684,[5.94130628e+20],4.07221661446549e+19
8.14,0.9524287356719656,[6.3114583e+20],4.241706174773553e+19
8.15,0.9522854894764146,[6.70466374e+20],4.4167416218068976e+19
8.16,0.9521420753690666,[7.12235793e+20],4.597370046014004e+19
8.17,0.9519984936238631,[7.56606556e+20],4.783623710897616e+19
8.18,0.9518547445148339,[8.0374062e+20],4.975518072421299e+19
8.19,0.9517108283160962,[8.53810025e+20],5.173049612144948e+19
8.2,0.9515667453018537,[9.06997516e+20],5.376193468743916e+19
8.21,0.951422495746395,[9.63497214e+20],5.584900851388344e+19
8.22,0.951278079924093,[1.02351532e+21],5.799096217193952e+19
8.23,0.951133498109403,[1.08727087e+21],6.018674193597779e+19
8.24,0.950988750576862,[1.15499653e+21],6.243496225054261e+19
8.25,0.9508438376010876,[1.22693945e+21],6.473386921884516e+19
8.26,0.9506987594567765,[1.30336215e+21],6.708130087432172e+19
8.27,0.9505535164187034,[1.3845435e+21],6.947464397879902e+19
8.28,0.9504081087617204,[1.47077973e+21],7.191078707149485e+19
8.290000000000001,0.9502625367607549,[1.56238548e+21],7.438606947236577e+19
8.3,0.9501168006908091,[1.659695e+21],7.689622592110854e+19
8.31,0.9499709008269585,[1.76306331e+21],7.943632650930435e+19
8.32,0.9498248374443512,[1.87286755e+21],8.200071153764218e+19
8.33,0.9496786108182064,[1.98950831e+21],8.458292090279769e+19
8.34,0.9495322212238129,[2.11341111e+21],8.717561758918902e+19
8.35,0.9493856689365288,[2.24502796e+21],8.977050480936642e+19
8.36,0.9492389542317794,[2.38483897e+21],9.23582363030782e+19
8.370000000000001,0.9490920773850572,[2.53335417e+21],9.492831926895562e+19
8.38,0.9489450386719194,[2.69111527e+21],9.74690093639889e+19
8.39,0.9487978383679879,[2.85869772e+21],9.996719716453843e+19
8.4,0.9486504767489473,[3.03671277e+21],1.0240828543819475e+20
8.41,0.9485029540905446,[3.22580971e+21],1.0477605652811848e+20
8.42,0.9483552706685872,[3.42667819e+21],1.0705252910063367e+20
8.43,0.9482074267589423,[3.64005082e+21],1.0921780345212135e+20
8.44,0.9480594226375356,[3.86670575e+21],1.1124989451285247e+20
8.45,0.9479112585803503,[4.10746957e+21],1.1312455162274618e+20
8.46,0.9477629348634257,[4.36322028e+21],1.1481506408699632e+20
8.47,0.9476144517628561,[4.6348905e+21],1.1629205144771284e+20
8.48,0.94746580955479,[4.9234709e+21],1.1752323733087217e+20
8.49,0.9473170085154287,[5.23001374e+21],1.1847320564558882e+20
8.5,0.947168048921025,[5.55563678e+21],1.1910313782467782e+20
8.51,0.9470189310478827,[5.9015273e+21],1.1937052970115819e+20
8.52,0.9468696551723544,[6.26894642e+21],1.1922888651456066e+20
8.53,0.9467202215708417,[6.65923375e+21],1.1862739443288166e+20
8.540000000000001,0.946570630519793,[7.07381222e+21],1.1751056686048818e+20
8.55,0.9464208822957026,[7.51419325e+21],1.1581786367876661e+20
8.56,0.9462709771751104,[7.98198231e+21],1.134832814339381e+20
8.57,0.9461209154345996,[8.47888473e+21],1.1043491234507129e+20
8.58,0.9459706973507963,[9.00671192e+21],1.065944698539391e+20
8.59,0.9458203232003681,[9.56738795e+21],1.018767782763949e+20
8.6,0.9456697932600231,[1.01629566e+22],9.618922394188828e+19
8.61,0.9455191078065088,[1.07955887e+22],8.943116502238547e+19
8.620000000000001,0.9453682671166111,[1.14675903e+22],8.149329705393193e+19
8.63,0.945217271467153,[1.21814106e+22],7.225697094226621e+19
8.64,0.945066121134993,[1.29396513e+22],6.159346001721583e+19
8.65,0.9449148163970253,[1.3745076e+22],4.93631724585694e+19
8.66,0.9447633575301777,[1.460062e+22],3.5414805156909285e+19
8.67,0.9446117448114104,[1.55094013e+22],1.9584434796098486e+19
8.68,0.9444599785177156,[1.64747317e+22],1.6945416479451382e+18
8.69,0.9443080589261157,[1.75001292e+22],-1.844703874676844e+19
8.700000000000001,0.9441559863136627,[1.85893303e+22],-4.1048241175261086e+19
8.71,0.9440037609574371,[1.97463041e+22],-6.6333979153541366e+19
8.72,0.9438513831345462,[2.09752665e+22],-9.454744204353942e+19
8.73,0.9436988531221239,[2.22806956e+22],-1.259514872120895e+20
8.74,0.9435461711973286,[2.36673478e+22],-1.6083013399902316e+20
8.75,0.9433933376373432,[2.51402755e+22],-1.994901667332531e+20
8.76,0.9432403527193732,[2.67048454e+22],-2.4226285454030484e+20
8.77,0.943087216720646,[2.83667576e+22],-2.8950579622326357e+20
8.78,0.9429339299184092,[3.01320669e+22],-3.4160489907520065e+20
8.790000000000001,0.9427804925899308,[3.20072046e+22],-3.989765010960616e+20
8.8,0.9426269050124968,[3.3999002e+22],-4.620696467441996e+20
8.81,0.9424731674634108,[3.61147149e+22],-5.313685270557916e+20
8.82,0.9423192802199927,[3.83620507e+22],-6.073950957140191e+20
8.83,0.9421652435595778,[4.07491957e+22],-6.907118734529895e+20
8.84,0.9420110577595154,[4.32848454e+22],-7.819249540360265e+20
8.85,0.9418567230971684,[4.59782361e+22],-8.8168722596345e+20
8.86,0.9417022398499112,[4.88391782e+22],-9.907018250410084e+20
8.870000000000001,0.9415476082951296,[5.18780922e+22],-1.1097258339835482e+21
8.88,0.9413928287102192,[5.51060464e+22],-1.23957424634268e+21
8.89,0.9412379013725846,[5.85347976e+22],-1.3811242132372057e+21
8.9,0.9410828265596379,[6.21768333e+22],-1.535319592635577e+21
8.91,0.9409276045487983,[6.60454174e+22],-1.7031758222966894e+21
8.92,0.9407722356174905,[7.01546389e+22],-1.885785138924475e+21
8.93,0.9406167200431438,[7.45194622e+22],-2.0843221676395405e+21
8.94,0.9404610581031912,[7.91557824e+22],-2.300049907521633e+21
8.950000000000001,0.9403052500750682,[8.40804829e+22],-2.5343261407432996e+21
8.96,0.9401492962362116,[8.93114966e+22],-2.788610294695573e+21
8.97,0.9399931968640588,[9.48678712e+22],-3.064470788520087e+21
8.98,0.9398369522360464,[1.00769839e+23],-3.363592897606529e+21
8.99,0.9396805626296094,[1.0703889e+23],-3.6877871719068803e+21
9.0,0.9395240283221802,[1.13697849e+23],-4.0389984463646737e+21
9.01,0.9393673495911871,[1.20770962e+23],-4.419315484368386e+21
9.02,0.9392105267140539,[1.28283981e+23],-4.830981297924829e+21
9.03,0.9390535599681984,[1.36264259e+23],-5.27640419122647e+21
9.040000000000001,0.9388964496310314,[1.44740848e+23],-5.758169577458181e+21
9.05,0.9387391959799559,[1.5374461e+23],-6.279052622082592e+21
9.06,0.9385817992923662,[1.6330832e+23],-6.842031769458714e+21
9.07,0.9384242598456459,[1.73466796e+23],-7.45030321350804e+21
9.08,0.9382665779171683,[1.84257016e+23],-8.107296377266852e+21
9.09,0.9381087537842941,[1.95718259e+23],-8.816690470554322e+21
9.1,0.9379507877243712,[2.07892244e+23],-9.582432199685345e+21
9.11,0.9377926800147334,[2.20823286e+23],-1.0408754708156921e+22
9.120000000000001,0.9376344309326992,[2.3455845e+23],-1.1300197832585738e+22
9.13,0.937476040755571,[2.49147731e+23],-1.2261629763870937e+22
9.14,0.9373175097606341,[2.64644229e+23],-1.329827020964202e+22
9.15,0.9371588382251556,[2.81104345e+23],-1.4415715160541679e+22
9.16,0.9370000264263832,[2.98587987e+23],-1.5619963369813514e+22
9.17,0.9368410746415448,[3.17158784e+23],-1.691744466306075e+22
9.18,0.9366819831478463,[3.36884323e+23],-1.8315050202914756e+22
9.19,0.9365227522224722,[3.57836388e+23],-1.9820164841767262e+22
9.200000000000001,0.9363633821425833,[3.80091229e+23],-2.1440701704686247e+22
9.21,0.9362038731853161,[4.03729831e+23],-2.3185139154205106e+22
9.22,0.9360442256277821,[4.28838214e+23],-2.5062560298888686e+22
9.23,0.9358844397470663,[4.55507746e+23],-2.708269521845385e+22
9.24,0.9357245158202265,[4.8383547e+23],-2.9255966089851693e+22
9.25,0.9355644541242922,[5.13924463e+23],-3.1593535411100666e+22
9.26,0.9354042549362638,[5.45884206e+23],-3.410735753287027e+22
9.27,0.9352439185331113,[5.79830986e+23],-3.681023372191707e+22
9.28,0.9350834451917733,[6.15888316e+23],-3.971587099549743e+22
9.290000000000001,0.9349228351891564,[6.54187385e+23],-4.2838944981920195e+22
9.3,0.9347620888021341,[6.94867533e+23],-4.619516707949234e+22
9.31,0.9346012063075453,[7.38076762e+23],-4.980135620436044e+22
9.32,0.9344401879821939,[7.8397227e+23],-5.36755154371744e+22
9.33,0.9342790341028475,[8.32721025e+23],-5.7836913899255085e+22
9.34,0.9341177449462368,[8.84500368e+23],-6.23061742110543e+22
9.35,0.9339563207890542,[9.39498664e+23],-6.710536590928238e+22
9.36,0.9337947619079529,[9.97915982e+23],-7.225810522420861e+22
9.370000000000001,0.9336330685795459,[1.05996482e+24],-7.778966164548564e+22
9.38,0.9334712410804055,[1.12587089e+24],-8.372707173338973e+22
9.39,0.9333092796870618,[1.19587391e+24],-9.009926066291999e+22
9.4,0.9331471846760017,[1.27022852e+24],-9.693717202062768e+22
9.41,0.9329849563236683,[1.34920517e+24],-1.0427390640877148e+23
9.42,0.9328225949064599,[1.4330911e+24],-1.1214486944829573e+23
9.43,0.9326601007007287,[1.52219142e+24],-1.2058792981155122e+23
9.44,0.9324974739827798,[1.6168302e+24],-1.2964358795765742e+23
9.450000000000001,0.9323347150288712,[1.71735163e+24],-1.3935515628819805e+23
9.46,0.9321718241152113,[1.82412128e+24],-1.4976895148865298e+23
9.47,0.9320088015179594,[1.93752747e+24],-1.6093449987189914e+23
9.48,0.9318456475132236,[2.05798261e+24],-1.7290475659429317e+23
9.49,0.9316823623770609,[2.18592475e+24],-1.8573633967275395e+23
9.5,0.9315189463854752,[2.32181915e+24],-1.9948977979284337e+23
9.51,0.9313553998144173,[2.46615999e+24],-2.142297869636033e+23
9.52,0.9311917229397831,[2.61947215e+24],-2.3002553514490966e+23
9.53,0.9310279160374135,[2.7823131e+24],-2.469509660478062e+23
9.540000000000001,0.9308639793830928,[2.95527497e+24],-2.6508511338781938e+23
9.55,0.9306999132525482,[3.13898667e+24],-2.8451244895612098e+23
9.56,0.9305357179214482,[3.33411617e+24],-3.0532325196379015e+23
9.57,0.9303713936654026,[3.54137297e+24],-3.2761400321079044e+23
9.58,0.930206940759961,[3.76151061e+24],-3.5148780573397634e+23
9.59,0.9300423594806119,[3.99532948e+24],-3.7705483369792865e+23
9.6,0.9298776501027819,[4.24367965e+24],-4.0443281140904386e+23
9.61,0.9297128129018345,[4.50746405e+24],-4.33747524457655e+23
9.620000000000001,0.9295478481530698,[4.78764168e+24],-4.6513336512544085e+23
9.63,0.9293827561317228,[5.08523109e+24],-4.987339143365916e+23
9.64,0.9292175371129631,[5.40131416e+24],-5.3470256258174416e+23
9.65,0.9290521913718934,[5.73703992e+24],-5.7320317240389125e+23
9.66,0.9288867191835495,[6.09362883e+24],-6.144107852065855e+23
9.67,0.9287211208228981,[6.47237712e+24],-6.585123753266522e+23
9.68,0.9285553965648371,[6.87466158e+24],-7.05707654507856e+23
9.69,0.9283895466841939,[7.30194449e+24],-7.562099301185596e+23
9.700000000000001,0.9282235714557251,[7.755779e+24],-8.102470206769565e+23
9.71,0.9280574711541149,[8.23781471e+24],-8.680622324819578e+23
9.72,0.9278912460539747,[8.74980369e+24],-9.299154013983774e+23
9.73,0.9277248964298422,[9.29360686e+24],-9.960840041110994e+23
9.74,0.9275584225561803,[9.87120071e+24],-1.0668643434474143e+24
9.75,0.927391824707376,[1.04846845e+25],-1.1425728126689013e+24
9.76,0.9272251031577403,[1.1136288e+25],-1.2235472439569482e+24
9.77,0.9270582581815062,[1.18283792e+25],-1.3101483466593153e+24
9.78,0.926891290052829,[1.25634734e+25],-1.4027612412311468e+24
9.790000000000001,0.9267241990457842,[1.33442422e+25],-1.501797095193855e+24
9.8,0.9265569854343677,[1.41735229e+25],-1.607694867850458e+24
9.81,0.9263896494924941,[1.50543292e+25],-1.720923170938909e+24
9.82,0.9262221914939965,[1.59898619e+25],-1.8419822528758886e+24
9.83,0.9260546117126248,[1.69835207e+25],-1.9714061147463004e+24
9.84,0.9258869104220459,[1.80389162e+25],-2.1097647667284366e+24
9.85,0.9257190878958416,[1.91598836e+25],-2.257666634215037e+24
9.86,0.9255511444075086,[2.03504961e+25],-2.4157611234974263e+24
9.870000000000001,0.9253830802304577,[2.16150798e+25],-2.584741357527128e+24
9.88,0.925214895638012,[2.29582298e+25],-2.765347092957792e+24
9.89,0.9250465909034071,[2.43848262e+25],-2.9583678304053265e+24
9.9,0.9248781662997897,[2.59000524e+25],-3.1646461306445175e+24
9.91,0.9247096221002166,[2.75094137e+25],-3.3850811502946167e+24
9.92,0.9245409585776542,[2.92187572e+25],-3.620632411432856e+24
9.93,0.9243721760049775,[3.10342932e+25],-3.8723238205196043e+24
9.94,0.9242032746549692,[3.29626178e+25],-4.141247953025967e+24
9.950000000000001,0.9240342548003191,[3.50107365e+25],-4.428570621225979e+24
9.96,0.9238651167136225,[3.718609e+25],-4.7355357437579597e+24
9.97,0.9236958606673803,[3.94965812e+25],-5.063470536775692e+24
9.98,0.9235264869339979,[4.19506033e+25],-5.413791047804745e+24
9.99,0.9233569957857836,[4.45570714e+25],-5.788008054800069e+24
10.0,0.9231873874949488,[4.73254536e+25],-6.187733354369283e+24
10.01,0.9230176623336065,[5.02658064e+25],-6.614686464691683e+24
10.02,0.9228478205737709,[5.33888106e+25],-7.07070177032947e+24
10.03,0.9226778624873561,[5.67058102e+25],-7.557736137902775e+24
10.040000000000001,0.9225077883461755,[6.02288538e+25],-8.077877033490577e+24
10.05,0.9223375984219412,[6.3970738e+25],-8.63335117463218e+24
10.06,0.9221672929862625,[6.79450543e+25],-9.226533751950338e+24
10.07,0.921996872310646,[7.21662378e+25],-9.859958257696504e+24
10.08,0.9218263366664938,[7.66496202e+25],-1.0536326960954095e+25
10.09,0.9216556863251034,[8.14114852e+25],-1.1258522071823262e+25
10.1,0.9214849215576668,[8.64691275e+25],-1.2029617639668101e+25
10.11,0.9213140426352693,[9.18409158e+25],-1.2852892233444977e+25
10.120000000000001,0.9211430498288886,[9.75463593e+25],-1.3731842455256533e+25
10.13,0.9209719434093949,[1.03606179e+26],-1.4670197341605347e+25
10.14,0.9208007236475492,[1.10042381e+26],-1.5671933710371287e+25
10.15,0.9206293908140026,[1.16878339e+26],-1.6741292515304205e+25
10.16,0.9204579451792958,[1.2413888e+26],-1.7882796273853964e+25
10.17,0.920286387013858,[1.31850368e+26],-1.9101267638432546e+25
10.18,0.9201147165880065,[1.40040806e+26],-2.040184918576788e+25
10.19,0.9199429341719452,[1.48739938e+26],-2.1790024503858183e+25
10.200000000000001,0.9197710400357648,[1.57979352e+26],-2.3271640661208194e+25
10.21,0.9195990344494412,[1.67792597e+26],-2.4852932148526715e+25
10.22,0.9194269176828347,[1.78215307e+26],-2.6540546388932074e+25
10.23,0.9192546900056896,[1.89285327e+26],-2.83415709189413e+25
10.24,0.9190823516876335,[2.01042851e+26],-3.026356234916872e+25
10.25,0.918909902998176,[2.13530571e+26],-3.23145772207299e+25
10.26,0.9187373442067082,[2.26793826e+26],-3.4503204880875385e+25
10.27,0.9185646755825019,[2.40880774e+26],-3.6838602509398648e+25
10.28,0.9183918973947088,[2.55842558e+26],-3.933053243589446e+25
10.290000000000001,0.9182190099123602,[2.71733502e+26],-4.1989401897037846e+25
10.3,0.9180460134043649,[2.88611296e+26],-4.482630539271816e+25
10.31,0.9178729081395101,[3.06537217e+26],-4.785306981018059e+25
10.32,0.9176996943864592,[3.25576344e+26],-5.10823024962711e+25
10.33,0.917526372413752,[3.45797795e+26],-5.452744246957673e+25
10.34,0.9173529424898035,[3.67274981e+26],-5.820281497667148e+25
10.35,0.9171794048829032,[3.90085869e+26],-6.212368960990643e+25
10.36,0.9170057598612141,[4.14313266e+26],-6.630634221828401e+25
10.370000000000001,0.9168320076927726,[4.40045122e+26],-7.076812085793513e+25
10.38,0.916658148645487,[4.67374844e+26],-7.5527516044689715e+25
10.39,0.9164841829871373,[4.96401638e+26],-8.060423558823794e+25
10.4,0.9163101109853738,[5.27230869e+26],-8.601928430543972e+25
10.41,0.9161359329077173,[5.59974444e+26],-9.17950489296337e+25
10.42,0.9159616490215573,[5.94751214e+26],-9.795538855327607e+25
10.43,0.9157872595941521,[6.3168741e+26],-1.0452573096306609e+26
10.44,0.9156127648926274,[6.70917099e+26],-1.1153317524996015e+26
10.450000000000001,0.9154381651839762,[7.12582667e+26],-1.1900660110118051e+26
10.46,0.9152634607350576,[7.56835343e+26],-1.2697678520766905e+26
10.47,0.9150886518125959,[8.03835739e+26],-1.354765252484577e+26
10.48,0.9149137386831805,[8.53754441e+26],-1.4454077194322445e+26
10.49,0.9147387216132645,[9.06772621e+26],-1.5420676969608972e+26
10.5,0.9145636008691647,[9.63082697e+26],-1.6451420638747303e+26
10.51,0.9143883767170599,[1.02288903e+27],-1.755053729068165e+26
10.52,0.914213049422991,[1.08640867e+27],-1.8722533305725522e+26
10.53,0.9140376192528601,[1.15387214e+27],-1.9972210450407673e+26
10.540000000000001,0.9138620864724294,[1.22552425e+27],-2.1304685148219085e+26
10.55,0.913686451347321,[1.30162505e+27],-2.2725409002396983e+26
10.56,0.9135107141430155,[1.38245068e+27],-2.424019065180257e+26
10.57,0.9133348751248522,[1.46829446e+27],-2.5855219046170392e+26
10.58,0.9131589345580277,[1.5594679e+27],-2.757708823258162e+26
10.59,0.912982892707595,[1.65630183e+27],-2.9412823750935244e+26
10.6,0.9128067498384638,[1.75914765e+27],-3.13699107424966e+26
10.61,0.9126305062153985,[1.86837853e+27],-3.3456323882317334e+26
10.620000000000001,0.9124541621030187,[1.98439083e+27],-3.568055925346006e+26
10.63,0.9122777177657976,[2.10760549e+27],-3.805166828856537e+26
10.64,0.9121011734680616,[2.2384696e+27],-4.057929391239633e+26
10.65,0.9119245294739902,[2.37745798e+27],-4.3273709027591194e+26
10.66,0.9117477860476138,[2.52507492e+27],-4.614585749503865e+26
10.67,0.9115709434528146,[2.68185602e+27],-4.920739777003015e+26
10.68,0.9113940019533252,[2.84837011e+27],-5.24707493657313e+26
10.69,0.9112169618127278,[3.02522132e+27],-5.594914232655708e+26
10.700000000000001,0.9110398232944537,[3.21305129e+27],-5.965666990579874e+26
10.71,0.9108625866617825,[3.41254146e+27],-6.360834465434941e+26
10.72,0.9106852521778418,[3.62441558e+27],-6.782015814071542e+26
10.73,0.9105078201056058,[3.84944232e+27],-7.230914453663438e+26
10.74,0.9103302907078952,[4.08843803e+27],-7.709344831773797e+26
10.75,0.9101526642473766,[4.34226973e+27],-8.219239634471985e+26
10.76,0.9099749409865613,[4.61185827e+27],-8.762657460755546e+26
10.77,0.9097971211878049,[4.89818163e+27],-9.341790993349939e+26
10.78,0.9096192051133067,[5.20227847e+27],-9.958975697891094e+26
10.790000000000001,0.9094411930251091,[5.52525192e+27],-1.0616699084555803e+27
10.8,0.9092630851850966,[5.86827357e+27],-1.131761056839237e+27
10.81,0.9090848818549955,[6.23258772e+27],-1.2064531966938544e+27
10.82,0.9089065832963727,[6.61951587e+27],-1.286046867618789e+27
10.83,0.9087281897706362,[7.03046155e+27],-1.3708621568610216e+27
10.84,0.9085497015390327,[7.46691536e+27],-1.4612399659736768e+27
10.85,0.9083711188626487,[7.93046042e+27],-1.5575433592808901e+27
10.86,0.9081924420024083,[8.42277808e+27],-1.6601589994170392e+27
10.870000000000001,0.9080136712190742,[8.94565404e+27],-1.7694986755464807e+27
10.88,0.9078348067732452,[9.50098479e+27],-1.8860009302300263e+27
10.89,0.9076558489253573,[1.00907845e+28],-2.0101327912876445e+27
10.9,0.9074767979356816,[1.07171924e+28],-2.142391615414087e+27
10.91,0.9072976540643248,[1.13824803e+28],-2.2833070507382775e+27
10.92,0.9071184175712278,[1.20890612e+28],-2.433443125978533e+27
10.93,0.9069390887161655,[1.28394976e+28],-2.5934004743368676e+27
10.94,0.906759667758746,[1.36365112e+28],-2.763818700798098e+27
10.950000000000001,0.9065801549584095,[1.44829925e+28],-2.9453789020553243e+27
10.96,0.9064005505744289,[1.53820113e+28],-3.1388063488748704e+27
10.97,0.9062208548659079,[1.6336828e+28],-3.344873341343647e+27
10.98,0.9060410680917811,[1.73509053e+28],-3.5644022481105e+27
10.99,0.9058611905108129,[1.84279206e+28],-3.7982687414467287e+27
11.0,0.9056812223815974,[1.95717796e+28],-4.047405240708469e+27
11.01,0.9055011639625574,[2.07866303e+28],-4.3128045775901487e+27
11.02,0.9053210155119439,[2.20768782e+28],-4.595523897416869e+27
11.03,0.9051407772878355,[2.3447202e+28],-4.8966888116361075e+27
11.040000000000001,0.9049604495481376,[2.49025707e+28],-5.217497817640977e+27
11.05,0.9047800325505823,[2.64482617e+28],-5.559227003090421e+27
11.06,0.9045995265527271,[2.80898798e+28],-5.923235052992315e+27
11.07,0.9044189318119549,[2.98333775e+28],-6.310968578983752e+27
11.08,0.904238248585473,[3.16850768e+28],-6.723967791489313e+27
11.09,0.9040574771303126,[3.36516916e+28],-7.163872536761061e+27
11.1,0.9038766177033283,[3.57403527e+28],-7.632428722213624e+27
11.11,0.9036956705611974,[3.79586333e+28],-8.131495154966386e+27
11.120000000000001,0.9035146359604193,[4.03145762e+28],-8.663050820099583e+27
11.13,0.9033335141573151,[4.28167234e+28],-9.229202626827083e+27
11.14,0.9031523054080267,[4.54741469e+28],-9.832193652595423e+27
11.15,0.9029710099685164,[4.82964814e+28],-1.0474411917035835e+28
11.16,0.9027896280945664,[5.12939595e+28],-1.1158399719741775e+28
11.17,0.9026081600417779,[5.44774485e+28],-1.1886863578015815e+28
11.18,0.9024266060655709,[5.78584901e+28],-1.2662684803043044e+28
11.19,0.902244966421183,[6.14493418e+28],-1.3488930755406436e+28
11.200000000000001,0.9020632413636699,[6.52630218e+28],-1.4368866823477817e+28
11.21,0.9018814311479038,[6.93133559e+28],-1.5305969170999526e+28
11.22,0.901699536028573,[7.36150274e+28],-1.6303938303137062e+28
11.23,0.9015175562601822,[7.81836308e+28],-1.7366713503427483e+28
11.24,0.9013354920970504,[8.30357281e+28],-1.8498488197405126e+28
11.25,0.901153343793312,[8.81889085e+28],-1.970372630224823e+28
11.26,0.9009711116029149,[9.36618525e+28],-2.098717962558315e+28
11.27,0.9007887957796206,[9.94743997e+28],-2.2353906380617457e+28
11.28,0.9006063965770036,[1.0564762e+29],-2.380929088906495e+28
11.290000000000001,0.9004239142484506,[1.12203891e+29],-2.5359064547891015e+28
11.3,0.9002413490471602,[1.19166979e+29],-2.7009328140761237e+28
11.31,0.9000587012261424,[1.26562122e+29],-2.8766575580249365e+28
11.32,0.8998759710382174,[1.34416127e+29],-3.0637719172343872e+28
11.33,0.899693158736016,[1.42757461e+29],-3.2630116500651548e+28
11.34,0.8995102645719784,[1.51616361e+29],-3.4751599033905403e+28
11.35,0.8993272887983538,[1.61024934e+29],-3.7010502567004376e+28
11.36,0.8991442316672,[1.71017285e+29],-3.941569961284557e+28
11.370000000000001,0.8989610934303828,[1.81629629e+29],-4.19766338696961e+28
11.38,0.8987778743395752,[1.92900431e+29],-4.470335689681078e+28
11.39,0.8985945746462575,[2.04870541e+29],-4.7606567139478725e+28
11.4,0.8984111946017156,[2.17583343e+29],-5.069765145367517e+28
11.41,0.8982277344570421,[2.31084912e+29],-5.398872929009222e+28
11.42,0.8980441944631343,[2.45424183e+29],-5.7492699707506106e+28
11.43,0.8978605748706945,[2.60653122e+29],-6.1223291396282434e+28
11.44,0.8976768759302292,[2.76826923e+29],-6.519511590435114e+28
11.450000000000001,0.8974930978920485,[2.94004202e+29],-6.9423724270252815e+28
11.46,0.8973092410062657,[3.12247211e+29],-7.392566728089608e+28
11.47,0.897125305522797,[3.31622063e+29],-7.871855958556174e+28
11.48,0.8969412916913606,[3.52198972e+29],-8.382114791242244e+28
11.49,0.8967571997614762,[3.74052507e+29],-8.925338364957575e+28
11.5,0.8965730299824648,[3.97261864e+29],-9.50365000692676e+28
11.51,0.896388782603448,[4.21911151e+29],-1.0119309449175729e+29
11.52,0.8962044578733476,[4.4808969e+29],-1.0774721570415996e+29
11.53,0.8960200560408846,[4.75892347e+29],-1.1472445696970566e+29
11.540000000000001,0.8958355773545796,[5.05419871e+29],-1.2215205498421583e+29
11.55,0.8956510220627515,[5.36779259e+29],-1.3005899515933934e+29
11.56,0.8954663904135173,[5.70084146e+29],-1.3847612363627534e+29
11.57,0.8952816826547918,[6.05455215e+29],-1.4743626645940123e+29
11.58,0.8950968990342867,[6.43020633e+29],-1.5697435636660561e+29
11.59,0.8949120397995102,[6.8291652e+29],-1.6712756768220064e+29
11.6,0.8947271051977671,[7.25287433e+29],-1.7793545982923022e+29
11.61,0.8945420954761573,[7.70286901e+29],-1.894401300109067e+29
11.620000000000001,0.8943570108815759,[8.18077972e+29],-2.0168637564590094e+29
11.63,0.8941718516607133,[8.68833808e+29],-2.147218671794281e+29
11.64,0.8939866180600532,[9.2273831e+29],-2.2859733193170785e+29
11.65,0.8938013103258735,[9.79986785e+29],-2.4336674968740323e+29
11.66,0.8936159287042453,[1.04078666e+30],-2.590875607745143e+29
11.67,0.8934304734410321,[1.10535821e+30],-2.758208874287692e+29
11.68,0.8932449447818902,[1.17393538e+30],-2.9363176929024802e+29
11.69,0.893059342972267,[1.24676665e+30],-3.125894139328297e+29
11.700000000000001,0.8928736682574019,[1.32411587e+30],-3.327674633843584e+29
11.71,0.8926879208823248,[1.40626327e+30],-3.5424427765634696e+29
11.72,0.8925021010918561,[1.49350647e+30],-3.771032363669039e+29
11.73,0.892316209130606,[1.58616154e+30],-4.014330596093794e+29
11.74,0.8921302452429746,[1.68456415e+30],-4.273281492926468e+29
11.75,0.8919442096731501,[1.78907079e+30],-4.5488895225682805e+29
11.76,0.8917581026651101,[1.90006006e+30],-4.842223465511877e+29
11.77,0.8915719244626201,[2.01793405e+30],-5.1544205234910016e+29
11.78,0.891385675309233,[2.14311976e+30],-5.486690690687593e+29
11.790000000000001,0.8911993554482891,[2.27607069e+30],-5.84032140368033e+29
11.8,0.8910129651229153,[2.41726847e+30],-6.216682487878583e+29
11.81,0.890826504576025,[2.5672246e+30],-6.617231419315089e+29
11.82,0.8906399740503171,[2.72648227e+30],-7.043518921867778e+29
11.83,0.8904533737882765,[2.8956184e+30],-7.497194921258906e+29
11.84,0.8902667040321725,[3.07524566e+30],-7.980014878534833e+29
11.85,0.890079965024059,[3.26601472e+30],-8.493846527172874e+29
11.86,0.8898931570057742,[3.46861661e+30],-9.040677039495495e+29
11.870000000000001,0.8897062802189399,[3.68378521e+30],-9.622620649703931e+29
11.88,0.8895193349049613,[3.9122999e+30],-1.024192676257704e+30
11.89,0.8893323213050259,[4.15498842e+30],-1.0900988578729025e+30
11.9,0.8891452396601042,[4.4127298e+30],-1.1602352269277346e+30
11.91,0.8889580902109482,[4.68645761e+30],-1.234872673486257e+30
11.92,0.8887708731980913,[4.97716333e+30],-1.3142993986178528e+30
11.93,0.8885835888618487,[5.28589988e+30],-1.3988220185531303e+30
11.94,0.8883962374423156,[5.6137855e+30],-1.488766739145422e+30
11.950000000000001,0.8882088191793676,[5.96200778e+30],-1.5844806051074898e+30
11.96,0.8880213343126604,[6.33182793e+30],-1.6863328287766265e+30
11.97,0.887833783081629,[6.72458541e+30],-1.7947162034634225e+30
11.98,0.8876461657254873,[7.14170269e+30],-1.9100486067597357e+30
11.99,0.8874584824832279,[7.58469049e+30],-2.0327745995231406e+30
12.0,0.8872707335936219,[8.0551532e+30],-2.1633671266176983e+30
12.01,0.8870829192952175,[8.55479468e+30],-2.3023293258766403e+30
12.02,0.8868950398263411,[9.08542446e+30],-2.450196452162989e+30
12.030000000000001,0.8867070954250955,[9.64896428e+30],-2.6075379238402627e+30
12.040000000000001,0.8865190863293604,[1.0247455e+31],-2.774959499429222e+30
12.05,0.8863310127767918,[1.08830642e+31],-2.9531055927204535e+30
12.06,0.8861428750048211,[1.15580936e+31],-3.1426617351361047e+30
12.07,0.8859546732506556,[1.22749879e+31],-3.344357194692963e+30
12.08,0.8857664077512772,[1.30363432e+31],-3.5589677615114164e+30
12.09,0.8855780787434427,[1.38449167e+31],-3.787318710445943e+30
12.1,0.8853896864636831,[1.47036364e+31],-4.0302879520830417e+30
12.11,0.8852012311483032,[1.56156122e+31],-4.288809384066001e+30
12.120000000000001,0.8850127130333814,[1.65841464e+31],-4.563876455463851e+30
12.13,0.8848241323547691,[1.76127464e+31],-4.856545957708058e+30
12.14,0.8846354893480904,[1.8705137e+31],-5.16794205647867e+30
12.15,0.884446784248742,[1.98652737e+31],-5.49926057983164e+30
12.16,0.8842580172918922,[2.10973576e+31],-5.851773578829989e+30
12.17,0.8840691887124813,[2.24058503e+31],-6.226834177971384e+30
12.18,0.8838802987452203,[2.37954896e+31],-6.625881733800543e+30
12.19,0.8836913476245918,[2.52713076e+31],-7.050447321260613e+30
12.200000000000001,0.8835023355848481,[2.68386482e+31],-7.502159568576539e+30
12.21,0.8833132628600124,[2.85031864e+31],-7.982750862780437e+30
12.22,0.883124129683877,[3.02709495e+31],-8.494063949391555e+30
12.23,0.8829349362900042,[3.21483382e+31],-9.038058951250126e+30
12.24,0.8827456829117247,[3.41421501e+31],-9.616820833091101e+30
12.25,0.8825563697821385,[3.62596045e+31],-1.023256734012573e+31
12.26,0.8823669971341136,[3.8508368e+31],-1.0887657440690475e+31
12.27,0.8821775652002863,[4.08965828e+31],-1.1584600304926428e+31
12.280000000000001,0.88198807421306,[4.34328956e+31],-1.2326064853476278e+31
12.290000000000001,0.881798524404606,[4.61264897e+31],-1.3114889912338028e+31
12.3,0.8816089160068623,[4.89871173e+31],-1.3954095012305412e+31
12.31,0.8814192492515334,[5.20251354e+31],-1.484689187385367e+31
12.32,0.88122952437009,[5.52515434e+31],-1.5796696620921079e+31
12.33,0.881039741593769,[5.86780222e+31],-1.6807142769784483e+31
12.34,0.8808499011535729,[6.23169772e+31],-1.7882095042152946e+31
12.35,0.8806600032802689,[6.6181583e+31],-1.902566405471258e+31
12.36,0.8804700482043899,[7.02858308e+31],-2.0242221940662485e+31
12.370000000000001,0.8802800361562327,[7.46445793e+31],-2.153641896229692e+31
12.38,0.8800899673658588,[7.92736085e+31],-2.2913201177424413e+31
12.39,0.8798998420630934,[8.41896767e+31],-2.437782922639365e+31
12.4,0.8797096604775252,[8.94105811e+31],-2.5935898310713293e+31
12.41,0.8795194228385066,[9.49552224e+31],-2.7593359438751237e+31
12.42,0.8793291293751524,[1.00843673e+32],-2.9356542018772713e+31
12.43,0.8791387803163404,[1.0709725e+32],-3.1232177884653453e+31
12.44,0.8789483758907105,[1.13738591e+32],-3.3227426845004844e+31
12.450000000000001,0.8787579163266648,[1.20791739e+32],-3.5349903852186456e+31
12.46,0.8785674018523669,[1.28282226e+32],-3.7607707893783434e+31
12.47,0.8783768326957417,[1.36237168e+32],-4.0009452715620595e+31
12.48,0.8781862090844756,[1.4468536e+32],-4.256429949227123e+31
12.49,0.8779955312460151,[1.53657385e+32],-4.528199156836582e+31
12.5,0.8778047994075675,[1.6318572e+32],-4.817289140179606e+31
12.51,0.8776140137961003,[1.73304856e+32],-5.124801984819933e+31
12.52,0.8774231746383405,[1.84051422e+32],-5.451909793492783e+31
12.530000000000001,0.8772322821607751,[1.95464319e+32],-5.799859128207152e+31
12.540000000000001,0.8770413365896499,[2.07584858e+32],-6.169975733806608e+31
12.55,0.8768503381509697,[2.20456912e+32],-6.563669560802111e+31
12.56,0.8766592870704981,[2.34127073e+32],-6.982440106414131e+31
12.57,0.8764681835737571,[2.48644822e+32],-7.427882093960763e+31
12.58,0.8762770278860265,[2.64062708e+32],-7.9016915120001275e+31
12.59,0.8760858202323438,[2.80436536e+32],-8.405672035988603e+31
12.6,0.8758945608375044,[2.97825573e+32],-8.941741856655255e+31
12.61,0.8757032499260606,[3.16292758e+32],-9.511940940822207e+31
12.620000000000001,0.8755118877223214,[3.35904931e+32],-1.0118438752026519e+32
12.63,0.8753204744503528,[3.56733079e+32],-1.0763542460027182e+32
12.64,0.8751290103339769,[3.78852586e+32],-1.1449705670121146e+32
12.65,0.8749374955967721,[4.0234351e+32],-1.2179537705141408e+32
12.66,0.8747459304620724,[4.27290874e+32],-1.2955813475092194e+32
12.67,0.8745543151529671,[4.53784969e+32],-1.3781483971581082e+32
12.68,0.8743626498923012,[4.81921684e+32],-1.4659687426556962e+32
12.69,0.8741709349026743,[5.11802853e+32],-1.559376117735788e+32
12.700000000000001,0.8739791704064408,[5.43536622e+32],-1.658725428272664e+32
12.71,0.8737873566257096,[5.77237839e+32],-1.7643940937270592e+32
12.72,0.8735954937823438,[6.13028475e+32],-1.876783473484546e+32
12.73,0.8734035820979603,[6.51038059e+32],-1.9963203834523684e+32
12.74,0.8732116217939295,[6.91404152e+32],-2.123458708620356e+32
12.75,0.8730196130913754,[7.34272838e+32],-2.258681117651379e+32
12.76,0.8728275562111752,[7.7979926e+32],-2.402500885950051e+32
12.77,0.8726354513739586,[8.28148177e+32],-2.5554638340653903e+32
12.780000000000001,0.8724432988001083,[8.79494561e+32],-2.7181503887160972e+32
12.790000000000001,0.8722510987097589,[9.3402423e+32],-2.891177774187132e+32
12.8,0.8720588513227976,[9.9193452e+32],-3.0752023423358977e+32
12.81,0.8718665568588633,[1.053435e+33],-3.270922049965461e+32
12.82,0.8716742155373465,[1.11874823e+33],-3.4790790928761086e+32
12.83,0.8714818275773887,[1.18811056e+33],-3.700462706493487e+32
12.84,0.8712893931978831,[1.261773e+33],-3.935912143596679e+32
12.85,0.8710969126174735,[1.3400021e+33],-4.1863198403335786e+32
12.86,0.8709043860545543,[1.42308097e+33],-4.4526347824170044e+32
12.870000000000001,0.8707118137272705,[1.51131023e+33],-4.7358660841455984e+32
12.88,0.8705191958535169,[1.60500915e+33],-5.037086793690954e+32
12.89,0.8703265326509387,[1.7045168e+33],-5.357437938941837e+32
12.9,0.8701338243369305,[1.81019323e+33],-5.698132829096043e+32
12.91,0.8699410711286365,[1.92242086e+33],-6.060461628150777e+32
12.92,0.86974827324295,[2.04160577e+33],-6.4457962174602125e+32
12.93,0.8695554308965135,[2.16817923e+33],-6.855595365612471e+32
12.94,0.8693625443057181,[2.30259924e+33],-7.291410225029435e+32
12.950000000000001,0.8691696136867038,[2.44535219e+33],-7.754890175916965e+32
12.96,0.8689766392553583,[2.59695462e+33],-8.247789039493606e+32
12.97,0.8687836212273181,[2.75795507e+33],-8.771971683810548e+32
12.98,0.8685905598179674,[2.92893609e+33],-9.329421046943165e+32
12.99,0.8683974552424378,[3.11051636e+33],-9.922245603900207e+32
13.0,0.868204307715609,[3.30335286e+33],-1.0552687305256122e+33
13.01,0.868011117452107,[3.50814333e+33],-1.1223130017278954e+33
13.02,0.867817884666306,[3.72562874e+33],-1.1936108495203378e+33
13.030000000000001,0.8676246095723262,[3.956596e+33],-1.2694317923294103e+33
13.040000000000001,0.8674312923840348,[4.20188077e+33],-1.3500624057465467e+33
13.05,0.8672379333150453,[4.46237052e+33],-1.435807400848039e+33
13.06,0.8670445325787174,[4.73900773e+33],-1.5269907706145128e+33
13.07,0.866851090388157,[5.03279329e+33],-1.6239570087467602e+33
13.08,0.8666576069562157,[5.34479013e+33],-1.7270724054454232e+33
13.09,0.8664640824954909,[5.67612703e+33],-1.836726425009912e+33
13.1,0.8662705172183249,[6.02800278e+33],-1.9533331704180375e+33
13.11,0.8660769113368059,[6.40169044e+33],-2.077332940373127e+33
13.120000000000001,0.8658832650627668,[6.79854198e+33],-2.2091938846512593e+33
13.13,0.8656895786077855,[7.21999315e+33],-2.3494137639486097e+33
13.14,0.8654958521831843,[7.66756872e+33],-2.4985218208201985e+33
13.15,0.8653020860000302,[8.14288793e+33],-2.65708076871579e+33
13.16,0.8651082802691344,[8.64767038e+33],-2.825688906561033e+33
13.17,0.8649144352010524,[9.18374227e+33],-3.004982366800704e+33
13.18,0.8647205510060831,[9.75304297e+33],-3.1956375053199016e+33
13.19,0.8645266278942698,[1.0357632e+34],-3.3983734421893326e+33
13.200000000000001,0.8643326660753987,[1.09996967e+34],-3.613954762744358e+33
13.21,0.8641386657590002,[1.16815597e+34],-3.8431943891063597e+33
13.22,0.863944627154347,[1.24056878e+34],-4.086956632892691e+33
13.23,0.8637505504704552,[1.31747005e+34],-4.346160440536826e+33
13.24,0.8635564359160841,[1.399138e+34],-4.6217828433614053e+33
13.25,0.8633622836997352,[1.48586804e+34],-4.9148626253106094e+33
13.26,0.8631680940296528,[1.57797394e+34],-5.226504222061752e+33
13.27,0.8629738671138232,[1.67578887e+34],-5.55788186609974e+33
13.280000000000001,0.8627796031599752,[1.77966669e+34],-5.910243993256876e+33
13.290000000000001,0.8625853023755797,[1.88998317e+34],-6.284917927196017e+33
13.3,0.8623909649678492,[2.00713736e+34],-6.683314859354304e+33
13.31,0.8621965911437379,[2.13155306e+34],-7.106935142965538e+33
13.32,0.8620021811099416,[2.26368032e+34],-7.557373920953452e+33
13.33,0.8618077350728977,[2.40399709e+34],-8.036327108733642e+33
13.34,0.8616132532387843,[2.55301093e+34],-8.545597754286291e+33
13.35,0.861418735813521,[2.71126088e+34],-9.08710279927008e+33
13.36,0.8612241830027683,[2.87931936e+34],-9.662880266443908e+33
13.370000000000001,0.861029595011927,[3.05779428e+34],-1.0275096900253991e+34
13.38,0.860834972046139,[3.2473312e+34],-1.092605628913356e+34
13.39,0.8606403143102868,[3.44861573e+34],-1.1618207499861897e+34
13.4,0.8604456220089924,[3.66237594e+34],-1.2354154256235823e+34
13.41,0.8602508953466189,[3.88938501e+34],-1.3136664696340288e+34
13.42,0.8600561345272689,[4.13046407e+34],-1.3968681744860767e+34
13.43,0.8598613397547848,[4.3864851e+34],-1.485333413917453e+34
13.44,0.8596665112327493,[4.65837415e+34],-1.5793948150395315e+34
13.450000000000001,0.8594716491644842,[4.94711465e+34],-1.6794060043137378e+34
13.46,0.8592767537530508,[5.25375095e+34],-1.7857429320518428e+34
13.47,0.8590818252012501,[5.57939216e+34],-1.8988052803850578e+34
13.48,0.8588868637116219,[5.9252161e+34],-2.0190179599575187e+34
13.49,0.8586918694864454,[6.29247357e+34],-2.146832700930971e+34
13.5,0.8584968427277385,[6.6824929e+34],-2.282729744238636e+34
13.51,0.8583017836372581,[7.09668475e+34],-2.427219639399935e+34
13.52,0.8581066924164994,[7.53654716e+34],-2.580845155604812e+34
13.530000000000001,0.8579115692666969,[8.00367104e+34],-2.744183313198548e+34
13.540000000000001,0.8577164143888227,[8.49974586e+34],-2.9178475431461985e+34
13.55,0.8575212279835879,[9.02656582e+34],-3.1024899825333105e+34
13.56,0.8573260102514413,[9.58603627e+34],-3.2988039146652743e+34
13.57,0.85713076139257,[1.01801807e+35],-3.5075263628672148e+34
13.58,0.8569354816068993,[1.08111478e+35],-3.729440847658313e+34
13.59,0.8567401710940916,[1.14812197e+35],-3.9653803175829575e+34
13.6,0.8565448300535481,[1.21928198e+35],-4.216230264627938e+34
13.61,0.8563494586844065,[1.29485215e+35],-4.482932035841984e+34
13.620000000000001,0.8561540571855428,[1.37510581e+35],-4.766486353504918e+34
13.63,0.8559586257555701,[1.46033319e+35],-5.067957056969259e+34
13.64,0.8557631645928389,[1.55084251e+35],-5.388475080123953e+34
13.65,0.8555676738954365,[1.64696111e+35],-5.729242679304698e+34
13.66,0.8553721538611879,[1.7490366e+35],-6.091537927409901e+34
13.67,0.8551766046876546,[1.85743812e+35],-6.476719490970262e+34
13.68,0.854981026572135,[1.97255771e+35],-6.886231707974158e+34
13.69,0.8547854197116647,[2.09481168e+35],-7.321609985369631e+34
13.700000000000001,0.8545897843030152,[2.22464216e+35],-7.784486536353415e+34
13.71,0.8543941205426955,[2.36251864e+35],-8.27659647882145e+34
13.72,0.8541984286269504,[2.50893976e+35],-8.799784317700306e+34
13.73,0.8540027087517612,[2.664435e+35],-9.35601083530442e+34
13.74,0.8538069611128458,[2.82956668e+35],-9.947360415384628e+34
13.75,0.853611185905658,[3.00493197e+35],-1.0576048828144828e+35
13.76,0.8534153833253877,[3.19116502e+35],-1.1244431505218876e+35
13.77,0.853219553566961,[3.3889393e+35],-1.1955012335421505e+35
13.780000000000001,0.8530236968250398,[3.59896999e+35],-1.2710453014024269e+35
13.790000000000001,0.852827813294022,[3.82201661e+35],-1.3513582980364363e+35
13.8,0.8526319031680412,[4.05888572e+35],-1.436740998078493e+35
13.81,0.8524359666409663,[4.31043387e+35],-1.5275131296225247e+35
13.82,0.8522400039064026,[4.57757068e+35],-1.6240145676255178e+35
13.83,0.8520440151576903,[4.86126215e+35],-1.7266066023971197e+35
13.84,0.8518480005879052,[5.16253411e+35],-1.8356732878963556e+35
13.85,0.8516519603898587,[5.48247598e+35],-1.951622874852985e+35
13.86,0.851455894756097,[5.82224466e+35],-2.074889334046337e+35
13.870000000000001,0.8512598038789019,[6.18306876e+35],-2.2059339754094376e+35
13.88,0.8510636879502904,[6.56625301e+35],-2.345247168982312e+35
13.89,0.8508675471620143,[6.97318296e+35],-2.4933501741170467e+35
13.9,0.8506713817055607,[7.40533006e+35],-2.6507970837388648e+35
13.91,0.8504751917721513,[7.8642569e+35],-2.8181768908954794e+35
13.92,0.8502789775527431,[8.35162289e+35],-2.9961156852809188e+35
13.93,0.8500827392380275,[8.86919029e+35],-3.1852789879029972e+35
13.94,0.8498864770184309,[9.41883052e+35],-3.386374232576617e+35
13.950000000000001,0.8496901910841144,[1.0002531e+36],-3.600153403470498e+35
13.96,0.8494938816249735,[1.06224022e+36],-3.827415838514236e+35
13.97,0.8492975488306387,[1.12806855e+36],-4.0690112090892836e+35
13.98,0.8491011928904744,[1.19797611e+36],-4.3258426870807355e+35
13.99,0.84890481399358,[1.27221565e+36],-4.5988703110638115e+35
